word	sth	binarySentiment	smallScaleSentiment	bigScaleSentiment	SO-PMI_score
poddany	c	0	-1	-1	-4.6
przewrażliwiony	m	1	1	-2	-3.6
cudzoziemiec	c	0	0	0	-2.6
przekonywać	m	1	1	0	-1.8
skrupuł	c	1	1	1	-3.0
klatka	c	0	1	0	-3.5
piękność	c	0	-1	0	-0.6
osiągnąć	c	0	0	0	3.3
umięśniony	m	1	-1	-1	-1.0
telewizor	c	0	-1	1	-0.5
ciągnąć	c	1	1	0	-2.0
przerazić	c	1	1	0	-2.0
ciemnobrązowy	m	0	0	0	-1.0
możny	c	1	-1	1	-2.0
ogolić	c	1	-1	0	0.5
dochodowy	m	0	-1	0	-1.5
piosenka	c	1	1	0	4.9
rząd	c	0	0	-1	-2.2
towarzystwo	c	0	0	0	3.2
opcja	c	0	1	0	0.4
szklarnia	c	0	-1	1	-0.0
delikatny	m	1	1	-1	-1.9
oznaczać	c	1	1	2	-2.5
nieobliczalny	c	0	0	1	1.5
omylny	c	1	1	-2	-1.0
przebić	c	1	-1	2	-2.2
wiedza	c	0	1	0	2.6
niewystarczający	c	0	0	-1	-3.6
pracownik	c	0	1	-1	1.3
zwrot	c	0	0	0	-4.4
satysfakcja	c	1	1	0	2.9
zdziwić	c	1	1	0	3.3
płyn	c	0	0	0	-7.0
precyzyjnie	m	1	1	1	-1.5
ruchliwy	m	1	1	1	-6.0
sklepik	c	0	1	0	-2.0
stowarzyszyć	c	1	1	0	-1.0
miasto	c	0	0	0	7.1
korupcja	c	0	-1	0	-1.6
odtłuszczać	c	1	-1	0	-1.0
pierś	c	1	-1	-1	-2.5
nieciekawy	c	1	-1	-2	1.0
zadanie	c	0	1	1	-1.6
prawdopodobny	m	1	-1	0	-2.6
całkowicie	m	0	1	0	3.6
nisko	m	0	0	0	-2.3
upolitycznić	c	0	1	0	-1.0
perfidnie	m	1	-1	-2	-1.0
niezapomniany	c	1	1	1	4.1
stromy	m	1	1	0	-2.6
polsat	c	1	1	0	-1.0
oczywisty	m	0	0	0	-6.1
wliczać	c	0	0	0	-1.0
dobrany	m	0	1	0	-0.8
cudowny	m	1	1	0	4.7
wiosna	c	0	0	0	3.5
refren	c	0	0	0	-1.0
wyrzucać	c	1	-1	0	-4.4
miejscowy	c	1	1	1	-1.9
cios	c	1	-1	-1	-11.4
pentagram	c	1	0	-1	-0.0
prezent	c	1	1	0	2.3
słony	m	1	-1	0	-6.0
miliard	c	0	1	0	-5.6
niesłychanie	c	0	0	0	-4.2
urwany	m	0	0	0	-1.0
wygodny	m	1	1	1	6.3
wykrywalny	m	0	0	0	-1.0
chwilowy	c	1	1	0	-1.5
dmowski	c	1	1	0	-1.0
przyjazny	m	1	1	1	2.5
oparty	m	1	1	0	-1.0
wpadka	c	0	-1	-1	-5.5
tajemnica	c	1	1	1	0.5
poszukiwać	c	0	1	1	3.6
zatrudniać	c	0	1	1	-3.0
naukowy	c	1	1	2	4.5
forsa	c	1	-1	0	-2.8
radykalny	m	1	1	1	-5.7
księga	c	0	0	0	2.5
regulować	c	0	1	0	-8.1
wyciągnąć	c	1	-1	-1	-3.2
ilościowo	m	0	-1	0	-1.0
sterować	c	1	1	1	-1.8
otworzyć	c	1	1	0	3.8
młody	m	1	1	1	6.2
zieleń	c	1	-1	-1	5.2
spodnie	c	0	0	0	-0.6
pretensja	c	1	-1	0	-1.9
trzykrotny	m	0	0	0	-3.6
grzelak	c	1	1	0	-1.0
wyłącznie	m	0	0	0	5.0
zjebać	c	1	-1	0	-1.0
ukrywać	c	1	-1	-1	1.6
jedwabisty	m	1	1	1	-1.0
zniszczalny	m	1	-1	-1	-1.0
regularny	m	0	1	-1	-4.0
rozwiązać	c	0	0	0	-1.8
woda	c	1	-1	1	4.5
merytorycznie	m	1	1	0	-1.0
śmiesznie	m	1	1	-1	-0.5
intensywnie	m	1	1	0	-9.1
zastrzec	c	0	0	0	-1.0
deszcz	c	0	-1	-1	0.9
sklep	c	0	0	0	4.3
prostolinijny	m	1	-1	-1	-1.0
kumaty	m	1	1	0	-1.0
zobaczyć	c	1	-1	1	5.1
miesiąc	c	1	1	0	4.6
odświeżyć	c	1	0	-1	0.5
przeszłość	c	0	1	0	-0.1
ciasny	m	0	1	-1	-1.0
forum	c	0	1	0	-0.2
współudział	c	1	-1	0	-1.0
ostatnio	c	0	0	0	2.2
dłuuugi	m	1	1	0	-1.0
kilkakrotnie	c	0	0	0	-4.0
trafny	m	1	1	1	-1.6
dziewczęcy	m	1	1	0	-1.0
czynić	c	0	1	1	4.9
serce	c	1	1	0	4.2
znaczny	m	0	1	-1	-2.4
dziewczęco	m	1	1	2	-1.0
romantycznie	m	1	-1	-1	-1.0
łaciński	c	0	1	1	-0.6
przyszłość	c	0	0	0	2.6
założenie	c	1	1	0	-1.1
okrutnie	m	1	-1	-2	-3.6
należyty	c	0	-1	0	1.1
swój	m	0	1	0	6.2
opakowanie	c	0	1	0	0.3
intuicyjny	m	1	1	0	1.5
kupujący	c	0	0	0	-0.0
pompatyczny	m	1	-1	-1	-1.0
interakcja	c	0	0	0	-3.0
ograniczony	c	1	0	0	-5.2
liryczny	m	1	1	0	-0.8
przepyszny	m	1	1	0	-1.0
niewykonalny	c	1	-1	-1	-1.0
medium	c	1	1	-2	1.1
terapia	c	1	1	-2	-9.0
godzina	c	0	0	0	-0.5
sauna	c	1	1	0	-1.0
klasyka	c	0	-1	0	0.5
znak	c	0	1	0	2.5
bezinteresowny	m	1	1	0	8.4
wejść	c	0	0	0	0.2
maszyna	c	0	-1	0	-1.8
polakożerca	c	1	1	-1	-1.0
natchniony	m	1	1	1	-0.5
burza	c	0	1	0	-2.4
powiększyć	c	0	1	0	-1.0
tchórzliwy	m	1	-1	-1	-3.0
poradnik	c	0	0	0	-2.6
ponur	m	1	1	0	-3.0
dodatkowy	c	0	1	0	-3.6
kretyn	c	1	1	0	-2.0
członek	c	1	-1	-2	-1.3
kontent	c	1	1	0	-1.0
wart	m	0	-1	0	1.6
ująć	c	1	1	0	-0.2
równy	m	0	-1	0	2.0
logiczny	c	1	1	0	-1.6
łatwa	c	1	1	0	-1.0
berlin	c	1	1	0	-1.0
wysypka	c	1	-1	0	-4.6
nigdy	m	0	0	0	4.0
dodatkowo	c	0	0	0	-4.6
europocentryczny	m	0	0	0	-1.0
ścisnąć	c	1	-1	-1	-4.5
lustrzanka	c	0	1	0	-1.0
dziewczyna	c	1	-1	-2	3.2
temat	c	1	0	2	3.7
świetny	m	1	1	1	6.1
błonnik	c	0	0	0	-1.0
obdarzać	c	1	1	0	-0.3
koda	c	0	0	0	-2.0
modyfikować	c	0	-1	0	-3.6
dokument	c	0	0	2	-4.2
dobrać	c	0	-1	0	0.3
kamera	c	1	-1	-1	0.1
olej	c	0	0	0	-2.4
zatrzymać	c	0	0	-1	-2.3
futurystyczny	m	1	1	0	-1.0
informować	c	1	0	0	-4.1
łojotok	c	1	1	-1	-1.0
wilno	c	1	1	0	-1.0
sielski	m	0	1	2	-3.0
modny	m	1	1	0	0.5
kosmiczny	c	1	-1	0	-5.0
wiecznie	m	0	1	1	0.6
doskonały	m	1	1	0	4.6
ewakuacja	c	0	1	0	-1.0
spotkanie	c	0	0	0	5.3
wyznaczyć	c	0	0	0	-2.6
dziedzina	c	0	1	0	0.6
klapa	c	1	1	-2	-4.0
wszechmocny	m	0	1	-1	1.0
podstawowy	m	0	0	0	0.6
winny	c	0	-1	1	-1.6
wizyta	c	0	1	0	1.0
pędzelka	c	1	1	0	-1.0
wytrysk	c	1	-1	0	-5.2
gwarancja	c	1	1	1	-2.6
wartościowy	m	1	1	0	0.2
nałożyć	c	0	-1	-2	-4.8
seksownie	m	1	1	2	-1.0
szelka	c	0	1	0	-1.0
wgląd	c	0	-1	-1	-2.0
palenisko	c	1	1	-1	-0.0
szary	m	1	-1	-1	-3.5
lesbijka	c	1	-1	0	-0.0
nadprzyrodzony	m	1	-1	-1	-0.0
poddać	c	0	1	0	-5.3
komunista	c	1	-1	0	-0.4
makaron	c	1	-1	-1	-1.0
podmiot	c	0	1	0	-1.2
smaczny	m	1	1	2	1.0
michał	c	1	1	0	-1.0
pocieszyć	m	1	1	1	-1.8
zadecydować	c	0	0	0	-1.5
boczek	c	0	0	0	-0.0
karpaty	c	1	1	0	-1.0
wycofywać	c	1	1	1	-5.6
radosny	m	1	1	0	-0.9
fryzjerka	c	1	1	1	-1.0
wypowiedź	c	0	0	0	1.3
miły	m	1	1	2	6.8
bydgoszcz	c	1	1	0	-1.0
dosadzić	c	0	1	2	-1.0
fizjologiczny	m	0	0	0	-6.1
wizjoner	c	0	0	1	-2.0
miło	c	1	0	1	7.5
wino	c	0	1	-1	0.4
konstytucja	c	1	1	0	-1.0
wymyślić	c	1	-1	0	5.4
niebo	c	0	0	1	3.9
nienaruszony	c	0	0	0	-1.0
zablokować	c	0	1	1	-5.9
zyskowny	m	1	1	1	-2.0
szok	c	0	0	0	-2.4
pomyłka	c	1	1	1	-5.7
pociągający	m	1	1	1	1.1
purytański	m	1	1	-1	-1.0
odprowadzać	c	1	0	0	-2.0
zabawka	c	1	-1	-1	6.2
makieta	c	0	1	0	-1.0
ustalać	c	0	0	0	-4.4
widocznie	c	1	0	2	-6.2
pragnienie	c	1	1	0	2.8
blokować	c	1	-1	0	-3.4
ufundować	c	1	0	0	4.1
samolot	c	1	1	0	-2.2
sztab	c	1	1	2	-1.5
dostępny	m	1	1	0	-2.7
garbaty	m	1	-1	-1	-2.0
praktyczny	m	1	1	-1	0.7
artystyczny	m	1	1	1	8.1
potrzebny	m	1	1	1	4.8
niemało	c	1	1	-1	0.5
piotrek	c	1	1	0	-1.0
zapisać	c	0	0	0	-1.9
uszczęśliwić	c	1	1	1	-1.0
demoniczny	m	1	-1	-1	-1.0
miejsce	c	1	1	0	3.6
wyborca	c	1	1	-2	-7.0
przypadek	c	0	-1	0	3.3
łatwowierny	m	1	-1	-1	-1.0
uczeń	c	1	1	1	-1.3
zaskakiwać	m	0	0	0	3.1
życzliwy	m	1	1	2	5.3
proch	c	0	1	0	-4.6
społecznie	m	1	1	-1	-0.9
fragment	c	1	1	0	2.2
czuły	m	1	-1	2	-2.2
ania	c	1	1	0	-1.0
wesolutki	m	1	1	1	-1.0
chorobotwórczy	c	1	-1	0	-2.6
przyprawa	c	1	-1	2	0.5
uniwersalistyczny	c	1	-1	-1	-1.0
czwarty	c	0	0	0	0.5
ograniczenie	c	1	1	-1	-1.0
bank	c	0	0	0	-0.9
siedziba	c	0	0	0	-3.7
laleczka	c	1	1	0	-1.0
niezbędny	c	0	0	0	-2.0
tyle	c	0	-1	1	4.8
rozwlec	m	1	-1	-1	-1.0
zwycięzca	c	1	1	0	-4.4
wygłosić	c	0	0	0	1.3
ubezpieczyć	c	0	1	0	-1.0
jakość	c	0	0	0	-0.4
uprzejmy	m	0	1	1	-2.4
bona	c	0	1	0	-1.0
komentarz	c	1	-1	-1	-3.3
objawowa	c	1	1	0	-1.0
głodny	m	1	1	-2	-3.2
deklaracja	c	1	-1	-1	-4.2
liga	c	0	0	0	-8.7
głodować	c	1	1	-2	-2.0
przelotny	c	1	1	0	-2.6
scenariusz	c	1	1	0	0.2
cudnie	m	1	1	2	-0.0
załatwić	c	0	1	0	1.0
tłumacz	c	0	1	1	-0.5
zjadliwie	m	1	-1	-1	-1.0
zamiennik	c	0	1	-2	-1.0
przesadny	m	1	-1	-1	0.2
nędza	c	1	-1	0	-1.5
odbić	c	0	1	-2	-2.3
wnikliwy	m	0	1	0	-2.0
ochota	c	1	0	0	0.2
tyć	m	1	-1	-1	-1.0
debil	c	1	-1	-1	-0.0
klarowny	m	0	1	1	-1.0
daniel	c	1	1	1	-1.0
zabaweczka	c	1	1	2	-1.0
nieudolny	c	1	-1	-2	-2.0
twórczy	c	0	0	-2	1.2
niepoprawny	c	0	1	0	-2.0
równoznaczny	c	1	0	0	-2.0
zjawisko	c	1	-1	0	-2.8
ocenić	c	0	1	1	1.1
szałowy	c	1	-1	-1	-1.0
wróbel	c	1	1	0	-1.0
automatycznie	c	0	0	0	-2.9
dosadny	m	0	-1	0	-2.0
strata	c	0	1	-2	-1.3
jesienny	c	0	0	1	-5.6
wojsko	c	1	1	0	-5.4
gruby	c	0	1	0	-0.7
rolka	c	1	1	0	-0.0
psychodeliczny	m	0	1	1	0.5
wrażenie	c	1	1	0	5.6
uznać	c	1	1	-1	1.6
wehrmacht	c	1	1	0	-1.0
zalesiony	c	0	0	0	-1.0
maksymalnie	m	0	0	0	-3.0
staranny	m	1	1	1	2.9
stosować	c	1	-1	-2	-2.2
efekciarski	m	1	-1	-1	-1.0
dziecięco	m	1	1	2	-1.0
natryskiwać	c	1	1	0	-1.0
podnieść	m	1	-1	-1	-1.7
miejscowość	c	0	1	0	-1.2
wariat	c	1	1	-1	-1.5
karczma	c	1	0	2	-1.0
entuzjastycznie	m	1	-1	2	-0.0
zaskoczyć	c	1	1	0	0.4
płytka	m	0	0	0	0.3
bogato	m	1	1	0	-1.0
oddzielny	c	0	0	0	-2.0
kwestionować	c	0	-1	0	-1.9
jednostajny	m	0	0	0	-1.0
zysk	c	1	1	0	-0.0
krajoznawczy	m	0	1	0	-1.0
królowa	c	1	1	0	0.8
czynny	m	0	1	0	-2.5
dwukrotnie	m	0	0	-1	-4.0
słów	c	1	1	0	-1.0
zdrobniale	m	1	-1	0	-1.0
bogaty	m	0	1	0	3.2
namolny	m	1	-1	-1	-1.0
wioska	c	0	1	0	-0.3
estetycznie	m	1	1	2	2.7
ten	m	0	1	0	4.4
szeroki	m	0	1	0	3.3
pilnie	c	1	1	0	-2.5
zadać	c	0	1	1	-3.2
malutki	m	1	-1	0	-0.8
nadwaga	c	1	1	0	-0.8
pomarańczowy	c	0	-1	-1	-0.9
doić	c	1	-1	0	-1.0
wyłonić	c	0	0	0	-3.0
wyraz	c	0	-1	-2	2.3
ekspresyjny	m	1	1	1	-0.5
zaliczać	c	0	0	0	-4.8
obdarty	m	1	-1	-1	-1.0
ceremonia	c	0	1	0	-0.0
maskotka	c	1	1	-1	-1.0
obraźliwy	c	1	-1	0	-5.9
sprzedający	c	0	1	1	-1.0
wrzeć	c	0	0	0	-1.0
dziesiąty	c	0	0	0	-4.0
zdziwiony	c	1	-1	0	-3.6
wybitny	c	1	1	1	3.3
ciągły	m	1	0	0	-4.5
nieadekwatny	c	1	-1	0	-0.0
pisać	c	0	0	0	5.8
ksiądz	c	1	-1	-2	2.6
stosunek	c	1	1	0	0.2
rozrzutny	m	1	-1	1	-1.0
zabawa	c	1	-1	0	6.8
klinowaty	m	1	-1	-1	-1.0
zakańczać	c	1	1	0	-1.0
dłuuuugi	m	1	1	0	-1.0
wewnętrzny	m	0	-1	-1	1.0
szczegółowy	m	0	1	1	-2.1
przejaw	c	1	0	0	-2.8
dorośle	m	0	1	0	-1.0
narkotyczny	m	1	-1	-2	-1.0
strażnik	c	1	1	0	-1.5
krzak	c	0	1	1	-4.0
wieźć	c	1	1	0	-0.3
wygodnie	m	1	1	0	1.0
cieleśnie	m	0	0	0	-1.0
scalić	c	0	0	0	-1.0
soczysty	c	1	-1	0	2.5
odnaleźć	c	0	0	0	5.2
piwnica	c	1	1	0	0.5
pradawny	m	1	1	-1	-1.0
znaczący	c	0	1	1	-3.9
apokalipsa	c	1	1	0	-1.0
wszystek	m	0	0	0	9.8
mina	c	0	0	0	-2.4
przybliżyć	c	0	0	0	-2.0
okazja	c	1	0	0	7.2
kiczowaty	m	0	-1	-1	1.0
rejestr	c	0	0	0	0.3
drastycznie	m	1	-1	-1	-2.0
kiełbasa	c	1	-1	1	1.5
inwestor	c	0	0	0	-4.5
furtka	c	1	0	0	-0.0
zmiana	c	0	-1	-1	0.4
policja	c	1	1	0	-3.6
pudelek	c	0	1	0	-1.0
przedmiot	c	0	1	0	4.7
naturalny	m	1	0	1	4.3
zaprzeczyć	c	1	1	-1	-5.4
wytypować	c	0	1	0	-2.0
przypiąć	c	1	1	0	-0.0
partyjny	c	1	1	-2	-5.0
ostrożny	m	0	1	1	-4.4
kulturystyka	c	1	1	1	-1.0
kompletnie	m	0	0	0	0.9
kłopot	c	0	1	1	-1.5
leniuchować	c	0	0	0	-1.0
wspominać	c	1	1	1	4.7
szpital	c	1	1	1	-1.6
perfekcja	c	0	-1	0	1.5
nieco	m	0	1	-1	5.1
podniebny	m	0	-1	0	-1.0
marzyć	c	1	1	0	1.5
złożony	m	0	0	0	-2.4
widzialny	m	0	0	0	-3.6
adekwatny	c	1	1	0	1.8
przejęcie	c	0	-1	0	-2.6
pracowity	m	1	1	1	-2.0
usługa	c	1	-1	0	2.4
klaśnięcie	c	1	1	0	-1.0
trafić	c	0	-1	0	0.7
złoże	c	1	-1	0	-1.0
wytrawny	m	0	1	1	-1.0
rower	c	0	1	0	0.4
żółtawy	c	0	0	0	-2.0
cwany	m	1	1	0	-1.0
młodo	m	1	1	2	-0.6
malowniczy	m	0	1	0	1.5
zamulać	c	1	0	0	-2.0
jezus	c	1	1	0	-1.0
urodziwy	m	1	1	1	-2.0
cenny	m	0	1	0	2.6
dziura	c	0	0	0	-2.9
dwumetrowy	m	0	0	0	-0.0
wystarczać	c	1	-1	0	0.5
zmieniać	c	1	1	2	2.6
cały	m	0	0	0	5.7
samotnia	m	0	-1	0	-0.5
wstrzymać	c	0	-1	0	-3.0
osiągalny	m	1	1	1	-2.6
wywiesić	c	0	0	0	-2.0
mleko	c	0	1	0	-1.9
wystarczająco	m	0	0	0	0.8
sympatyczny	m	1	1	2	3.3
zbój	c	1	-1	-1	-1.0
proroczy	m	1	-1	0	-2.0
korona	c	0	0	0	1.5
włóczyć	c	1	1	0	-2.0
liczba	c	0	1	0	-3.4
nieograniczony	c	0	0	0	-0.6
równoległobok	c	0	0	0	-1.0
zapis	c	0	1	0	-2.6
milusiński	m	1	-1	0	-1.0
idealistyczny	m	1	1	-1	1.0
podłączyć	c	0	0	0	-4.0
podstawa	c	0	1	0	3.0
naukowiec	c	0	1	2	-8.6
radio	c	0	0	0	-0.3
narodowy	c	0	1	-1	3.1
koszmar	c	0	-1	-2	-5.5
odzwierciedlić	c	0	1	0	-1.0
zgłosić	c	0	0	0	-1.5
obsadzić	c	1	1	2	-3.0
wymagać	c	0	-1	0	0.5
nudno	c	1	-1	-1	-3.0
zakładać	c	0	0	0	-0.2
dzieciak	c	0	0	0	1.4
ostatni	c	0	0	0	3.6
śledzić	c	1	-1	0	-5.4
wypadek	c	1	0	0	-1.3
likwidacja	c	0	-1	0	-4.6
doświadczony	m	1	1	1	-3.8
towarzyszyć	c	1	-1	0	1.7
studium	c	0	0	0	4.2
zamierzyć	c	0	0	0	-1.4
wyrzut	c	1	1	0	-5.3
skończony	m	1	0	0	-1.2
opinia	c	1	1	1	1.0
dziecko	c	1	1	-1	1.6
laptop	c	0	0	0	-1.0
umiejscowić	c	1	-1	0	-0.6
ponownie	c	0	0	0	0.3
nędzny	c	1	-1	-1	-1.0
wyrosnąć	m	1	-1	0	-0.0
egzaltowany	m	1	1	1	-1.0
kocioł	c	1	1	0	-3.6
niemen	c	1	1	0	-1.0
większość	c	0	-1	0	-0.3
zorientować	c	1	-1	0	-4.9
zaprojektować	c	1	-1	0	1.0
odległy	m	1	1	1	-0.5
rzeczywisty	m	0	0	0	2.6
zbliżony	c	0	0	0	-2.2
maciej	c	1	1	0	-1.0
sławny	m	1	1	1	1.4
noga	c	0	0	0	0.9
zdecydowanie	c	1	0	0	1.9
naprawdę	m	1	-1	1	8.1
palnąć	c	0	1	0	-1.0
gatunek	c	1	1	-1	1.4
wielce	c	1	1	-1	-0.6
przytomny	c	0	1	1	-0.0
początek	c	0	1	0	4.9
atmosfera	c	0	0	1	-0.3
traumatyczny	c	1	1	1	-4.7
projektant	c	1	0	0	1.9
leasing	c	0	0	0	-1.0
pragnąć	c	0	0	0	5.0
wzniosły	c	1	1	1	1.5
inny	m	1	1	1	2.8
pilot	c	0	0	0	-5.4
wyrozumiały	m	1	1	1	0.5
garaż	c	1	1	1	-0.3
akwarium	c	0	1	1	-0.0
złudzenie	c	1	-1	-1	-2.6
uważny	m	1	1	0	-4.2
basowy	m	1	-1	0	-2.0
gapowaty	m	1	-1	-1	-1.0
gromadzić	c	0	0	0	-2.0
zamieszać	c	0	0	0	-1.6
współczuć	m	1	-1	1	-2.0
istotny	m	0	1	1	-3.5
ciekawy	m	1	1	1	5.3
leciutki	m	1	1	0	-3.0
rozpaczliwie	m	1	1	1	-3.2
upomnieć	c	1	1	0	-2.6
henryk	c	1	1	0	-1.0
glasgow	c	1	1	0	-1.0
końcowy	m	0	0	0	-5.7
natura	c	1	1	1	-1.7
retoryczny	m	1	0	2	-1.0
dostatek	c	1	-1	0	-0.0
województwo	c	0	0	1	-7.2
wznieść	m	0	0	0	-0.5
europejski	m	0	1	1	1.0
kotara	c	1	1	0	-1.0
majątek	c	1	-1	2	-0.7
czarować	m	1	1	1	-1.0
łączka	c	0	1	0	-1.0
wąski	m	0	0	0	-0.7
ubiegłoroczny	c	0	0	0	-2.0
wąsko	m	1	-1	-1	-1.0
aparat	c	0	1	2	-2.5
piżama	c	0	0	0	-1.0
prowadzić	c	0	0	1	2.9
brat	c	1	0	0	0.5
potulny	m	1	-1	-1	-0.0
pobudliwy	m	1	-1	-2	-1.0
zawiesić	c	0	-1	0	-2.7
szybka	m	1	1	0	-2.6
bliźni	c	1	1	2	3.0
szybki	c	1	1	1	-0.1
popalić	c	1	1	0	0.5
projektować	c	0	1	0	-2.5
koszmarnie	m	1	-1	-2	-2.6
pielęgniarka	c	1	1	0	-3.1
szybko	c	1	0	0	-0.3
namiota	c	1	-1	0	-0.0
spowodować	c	1	1	0	-3.4
kompensować	c	0	0	0	-1.0
związać	c	1	1	0	0.9
komplet	c	0	0	0	-1.0
otwarcie	c	0	1	0	-1.2
zdecydować	m	0	0	-1	1.7
barokowy	m	0	0	0	-0.9
błahostka	c	0	0	-1	-1.0
bezradny	m	1	-1	-1	-4.7
zdecydowany	m	0	1	0	-2.6
bramkarz	c	1	1	1	-7.0
rozkosz	c	0	-1	0	1.5
cytologia	c	0	-1	0	-1.0
nagłówek	c	0	0	0	-0.5
ratunek	c	1	1	-1	0.4
spacja	c	0	-1	0	-0.0
rozbudowa	c	0	0	0	-2.0
śpiewać	c	1	1	0	6.3
namacalny	m	0	0	0	-3.0
winien	m	0	1	0	-0.9
bolszewik	c	1	-1	-1	-2.0
przeciętny	c	0	-1	-1	-3.6
łóżko	c	0	0	0	-1.6
toporny	m	1	-1	-1	1.0
katolik	c	1	-1	-1	-0.6
kleić	c	0	0	0	-1.0
chrzest	c	0	1	-1	-1.8
odeprzeć	m	1	1	0	2.5
dostęp	c	0	0	0	-4.6
gwarny	m	1	-1	0	-0.0
zwyczajny	m	0	0	-1	-4.4
rajski	m	1	-1	-1	0.5
czterokrotny	m	1	0	0	-1.0
spis	c	0	0	0	-2.6
boleć	c	1	-1	-1	-2.6
spokojny	m	1	1	1	-1.2
trzpiotowaty	m	1	1	0	-1.0
wychodzić	c	1	1	1	3.7
kalesony	c	0	0	0	-2.0
zagroda	c	0	0	0	1.0
kott	c	1	1	0	-1.0
związań	c	0	0	0	-1.0
wpatrzyć	m	0	0	0	1.5
mnóstwo	c	1	-1	1	2.1
ideologiczny	m	1	-1	1	2.3
miodny	m	0	1	0	-1.0
katowice	c	1	1	0	-1.0
badać	c	0	-1	-2	-4.6
średni	c	0	0	0	-0.7
ewentualnie	c	0	-1	0	-1.0
ufny	m	1	1	-1	-1.8
czymś	c	1	1	0	-1.0
sieć	c	0	0	0	0.8
zasilać	c	0	0	0	-2.0
kota	c	0	1	0	2.8
kupa	c	0	0	0	2.4
spadkodawca	c	0	1	-1	-1.0
następca	c	1	0	0	-4.3
tani	m	1	1	1	-0.6
słabo	m	1	-1	0	-4.3
fajka	c	1	-1	0	1.0
aktualizacja	c	0	0	0	1.3
zidentyfikować	c	0	0	-1	-4.2
wiara	c	1	1	0	5.0
nowy	m	0	1	0	6.5
trzeźwy	c	0	-1	-1	-4.4
kredyt	c	0	1	0	-1.8
kupy	c	1	1	0	-1.0
domyślny	m	0	0	0	-1.0
syrop	c	0	0	0	-1.0
stodoła	c	1	1	0	-0.0
szóstka	c	0	0	0	-5.4
paternalistyczny	m	1	-1	-1	-1.0
strasznie	m	1	1	1	-5.5
twardy	m	1	-1	0	0.6
restrykcyjnie	m	1	-1	-1	-1.0
ustępować	c	1	-1	2	-8.2
posiadać	c	0	1	-1	2.0
samodzielny	m	1	1	0	-2.6
cierpliwy	m	1	1	1	-4.0
opuchnąć	c	1	1	1	-4.9
brać	c	0	0	0	3.8
jedynie	c	0	-1	0	3.9
mityczny	c	1	-1	-1	1.5
usłać	c	0	1	1	-1.0
pożyteczny	m	1	1	1	-4.6
patologiczny	c	0	-1	-1	-9.3
ciasto	c	1	1	0	3.5
straszliwie	m	1	-1	-1	-7.4
kosmetyczny	m	0	1	0	0.4
kompletny	c	0	1	0	-1.8
odpowiedni	m	1	-1	-1	-1.7
ochronny	m	0	0	0	-3.9
rozkoszny	m	1	-1	-2	-3.9
kotek	c	1	1	0	0.5
schematyczny	m	0	-1	0	1.5
nosić	c	0	0	0	4.2
milutki	m	1	-1	-1	-1.0
starać	m	1	1	1	1.2
włos	c	0	-1	0	0.1
swoisty	m	0	1	0	0.9
przerobić	c	0	0	0	-0.5
hurtowo	c	0	0	0	-1.0
błogo	m	1	-1	2	-1.0
zbawić	c	0	1	1	-0.0
bilet	c	0	-1	-1	-2.3
kobieta	c	0	-1	-1	2.4
dobitnie	m	1	-1	-1	-2.6
poprawny	m	0	1	0	-2.0
lustr	c	0	0	0	-0.5
fiskalny	m	0	-1	0	-2.6
sprzymierzeniec	c	1	1	-1	-0.0
stosowany	c	0	-1	0	-5.7
odważny	m	1	1	1	-1.9
bezużyteczny	m	0	1	2	-0.0
dowcip	c	1	1	-2	1.8
bezpieczny	m	1	1	0	-1.2
morderca	c	1	1	-2	-4.0
bezgłośny	m	1	-1	0	-2.6
serwer	c	1	1	0	1.5
uczuciowy	m	1	1	-2	-3.5
bezpieczno	c	1	1	0	-1.0
porównywalny	c	0	0	0	-2.0
paryż	c	1	1	0	-1.0
twój	m	1	1	1	9.0
tunel	c	1	-1	0	1.7
medycyna	c	0	1	0	-1.1
umysł	c	0	-1	0	3.2
mądrość	c	1	-1	0	6.1
wyzywać	c	1	-1	-1	-2.6
odwrotnie	c	1	-1	-2	1.6
użyteczny	m	1	1	0	2.5
kolczyk	c	1	1	0	-0.8
remont	c	1	-1	-1	2.2
ofiarny	m	1	1	0	1.3
odpowiednik	c	0	0	0	-1.0
odpowiednio	c	0	0	0	-0.9
surowo	m	1	1	0	0.5
obrót	c	0	0	0	-7.1
oddalić	m	1	1	0	-0.5
niezwykle	c	1	1	1	-1.5
zwolennik	c	1	1	1	0.5
imię	c	0	1	0	8.0
zmanierować	c	1	-1	-1	-1.0
młodzieżowy	c	1	1	1	-0.5
epicki	m	0	1	-1	-1.0
pięcioletni	c	0	-1	0	-0.0
różny	m	0	1	0	5.3
instrument	c	0	0	-2	-0.6
grafik	c	0	0	0	1.3
znośny	m	0	-1	-1	-2.0
osobisty	m	1	1	-1	2.4
brama	c	0	0	-1	-0.2
uchwycić	c	1	1	0	-1.0
pierwszy	m	0	1	1	6.0
unia	c	0	1	0	-3.3
przesadnie	c	0	-1	-1	-1.0
rano	c	0	-1	0	1.0
myśl	c	1	1	0	3.2
prowadzony	c	1	-1	0	-5.0
szczelny	m	1	1	1	1.5
zewrzeć	m	1	1	0	-1.0
nocleg	c	0	0	0	-2.0
precyzyjny	m	1	1	0	-1.9
dziekanat	c	0	0	0	-1.0
stanik	c	0	-1	-1	-1.0
zwyknąć	m	0	-1	0	-0.5
grenoble	c	1	1	0	-1.0
miot	c	1	-1	0	-1.0
defekt	c	1	-1	-1	2.8
obowiązywać	m	1	-1	0	-1.0
polegać	c	1	1	0	1.2
nuda	c	1	-1	-1	1.8
sankcja	c	0	1	0	-1.6
łoże	c	1	1	0	-3.0
lekarz	c	0	1	0	4.1
dopracować	c	1	1	1	0.5
słodko	c	1	-1	2	-2.4
rzeka	c	0	0	0	0.1
sąsiad	c	0	1	0	-0.3
pełnoletni	c	0	1	1	-1.0
spekulacja	c	1	1	0	-3.0
czytelny	m	0	1	1	-1.0
tkanka	c	1	-1	-2	-9.7
nieistnienie	c	0	0	0	-1.0
sprzedać	c	0	0	0	-3.0
miałki	m	1	-1	-1	-1.0
zagrożenie	c	1	1	0	-5.5
uprawa	c	0	0	0	1.0
realnie	c	1	1	0	-2.6
różnorodny	c	0	0	0	-3.2
boleśnie	m	1	-1	-1	-3.8
południowy	m	0	0	0	-1.7
przyrost	c	0	0	0	-3.9
aktualnie	c	0	0	0	-1.5
zasada	c	1	1	0	5.2
znakomicie	m	1	-1	-1	2.1
napakować	m	1	-1	1	-1.0
oficjalny	c	1	-1	0	-3.4
wyśnić	c	1	1	0	-1.0
wyrobić	c	1	1	1	-0.3
humor	c	0	1	0	4.9
przyjaciel	c	1	1	1	7.4
łakomy	m	0	0	0	-1.0
konsolowy	m	0	0	0	-1.0
raport	c	0	0	0	-3.6
pomarzyć	c	1	-1	-1	-1.0
mniejszość	c	1	1	0	-3.0
zwracać	c	1	0	0	1.8
przerzut	c	0	0	0	-1.0
chodzący	c	0	1	0	-2.0
tłuszcza	c	0	0	0	-2.6
odbyć	c	0	0	0	4.9
zwolenniczka	c	0	1	1	-1.0
wytwór	c	1	1	0	2.6
dojrzały	m	1	1	1	1.1
kruch	m	1	-1	-1	-1.0
skrzat	c	1	1	1	-1.0
super	m	1	1	1	3.0
humanista	c	1	-1	0	-1.0
zeszyt	c	0	1	2	-1.1
słodki	m	0	0	1	-2.7
zachwycać	m	1	1	0	3.6
opis	c	1	1	1	1.0
zezłościć	c	1	-1	-1	-1.0
felga	c	0	1	-1	-1.0
żarliwy	m	1	-1	-1	-0.6
plus	c	1	1	0	-0.0
przekonany	c	1	1	1	-0.5
odpowiadać	c	1	1	0	2.7
zawodowy	c	0	0	1	2.5
hałaśliwie	m	1	-1	-1	-1.0
nieustannie	c	1	1	1	-2.0
sprzedaż	c	0	0	0	-2.4
ogródek	c	1	1	0	1.1
zamek	c	0	1	-1	0.3
ateista	c	1	1	0	-1.0
lampion	c	0	1	0	-1.0
pomalować	c	1	1	0	3.0
szkoła	c	0	0	0	3.9
rosja	c	1	1	0	-1.0
wynagrodzić	c	1	1	0	-0.0
podle	m	1	-1	-2	-2.6
galaktyczny	c	1	-1	0	-1.0
wysokokaloryczny	m	1	1	1	-1.0
amsterdam	c	1	1	0	-1.0
stereotypowy	m	1	-1	-2	-1.0
przestraszyć	c	0	-1	-1	-1.4
jednakowo	m	1	-1	-1	-2.6
strzałeczka	c	0	0	0	-1.0
irlandia	c	1	1	0	-1.0
boisko	c	0	1	1	-2.1
przeklinać	c	0	0	-2	-2.2
stratny	c	0	1	1	-1.0
fajno	c	1	1	1	-1.0
potwierdzić	c	1	1	0	-1.6
bezkresny	m	0	0	0	-1.0
zrównoważony	c	0	1	1	-2.6
synonim	c	1	1	0	-3.6
dowartościować	m	1	1	-1	-1.0
jednorodzinny	c	0	0	0	1.0
jakimś	c	1	1	0	-1.0
skłonność	c	1	-1	0	-3.1
przystanek	c	0	1	1	1.0
niewygodny	c	1	1	0	-5.0
ubikacja	c	0	1	0	-1.6
zaaferowany	m	1	1	1	-1.0
popularność	c	0	1	1	1.8
łapka	c	1	-1	-1	-0.6
trup	c	1	1	0	-3.0
przebojowy	m	1	-1	1	-1.0
porwać	c	1	1	0	-5.6
zdeklasować	c	1	1	-1	-1.0
substrat	c	1	1	0	-1.0
sprawny	m	1	1	0	1.1
wyszukany	m	1	-1	0	0.5
egocentryczny	m	1	-1	-2	-2.0
funkcjonalny	m	0	1	0	2.1
żona	c	1	-1	0	5.3
okres	c	0	0	0	0.5
wizjonerski	m	1	1	2	-1.0
przesada	c	1	-1	0	0.5
orgazm	c	1	0	-1	-10.0
szał	c	0	1	0	-1.5
sakiewka	c	0	-1	0	-1.0
zasadowy	m	0	0	0	-3.6
pytać	c	1	1	1	5.2
polska	m	1	1	0	-1.0
baza	c	0	0	0	0.8
śpiący	c	0	1	1	-1.0
poseł	c	0	1	2	-2.2
rzeczowy	m	0	1	0	-1.6
polski	c	1	-1	0	7.3
przegrany	c	0	0	0	-3.6
głęboki	m	1	-1	0	0.2
niebieski	c	0	1	0	4.3
własny	c	1	1	1	3.1
głos	c	0	0	2	2.3
grzyb	c	1	1	0	0.8
magicznie	c	0	0	0	1.5
królewski	c	0	1	0	0.3
uchwyt	c	0	0	0	-2.3
wnieść	c	0	0	0	-2.9
nauka	c	1	1	-1	2.2
lalkarz	c	0	0	-1	-1.0
bezgranicznie	m	1	1	-1	1.3
dzień	c	0	0	0	5.7
skrupulatny	m	1	-1	1	-1.0
ładować	c	1	-1	-1	-1.0
niepotrzebny	c	1	0	0	-1.3
promocyjny	c	1	1	0	-2.6
konsekwencja	c	0	0	0	-7.4
dołączać	c	0	0	0	-0.0
bolą	c	1	1	0	-1.0
kanoniczny	m	0	1	0	-2.0
przeżreć	m	1	-1	-1	-1.0
rola	c	0	1	0	6.1
milioner	c	1	1	1	1.0
test	c	0	0	0	-7.7
zakazać	c	1	-1	0	-1.6
grzecznie	m	1	1	0	-0.0
gdańsk	c	1	1	0	-1.0
klątwa	c	0	-1	0	-1.0
hałaśliwy	c	1	-1	-2	-5.7
prącie	c	0	-1	0	-2.0
wakacje	c	1	1	1	4.0
ujemny	m	0	0	0	-4.2
przymierze	c	1	1	0	-2.6
niedostępny	c	1	-1	-1	-3.0
koncert	c	0	1	1	6.5
zarejestrować	c	0	0	0	-1.4
pewność	c	0	-1	0	0.8
integralny	m	0	0	-1	0.5
arbitralny	m	0	-1	0	-1.0
osobiście	c	1	1	0	2.1
dojrzewalnia	c	1	1	0	-1.0
tańczyć	c	1	-1	-2	4.5
weekend	c	0	1	0	1.3
wówczas	m	1	0	0	3.4
odwaga	c	1	-1	0	-5.0
nośnik	c	1	1	0	-2.0
czystość	c	0	1	1	4.5
bajeczka	c	1	1	2	-0.0
obraz	c	1	1	0	7.0
faza	c	0	0	0	-4.6
dotkliwy	m	1	-1	-2	-4.9
żartów	c	1	1	0	-1.0
silny	m	1	-1	-1	-0.4
przenikliwy	m	1	1	1	-3.6
pomieszczenie	c	0	0	0	0.7
przyczyna	c	1	1	1	-2.6
rozum	c	1	1	1	6.7
opodatkować	c	0	0	0	-1.0
martwy	m	1	1	1	-0.8
bezawaryjny	c	1	1	0	-1.0
mały	m	1	-1	0	3.4
znaczyć	m	1	-1	2	5.3
cudny	m	1	1	0	2.0
opatrzony	c	0	0	0	-2.0
brytyjski	c	1	1	0	-3.7
koncern	c	0	-1	0	-1.4
telefon	c	0	-1	0	1.9
wykazywać	c	0	1	0	-3.6
lider	c	1	1	0	-6.9
ukochany	c	1	-1	-1	0.3
ohydnie	m	1	-1	-2	-1.0
mila	m	1	1	0	3.2
czytać	c	1	0	0	7.5
przerwa	c	0	1	1	-2.7
huczny	c	1	-1	0	-1.0
odziać	c	1	1	0	-0.0
długi	c	0	0	0	0.4
klasyczny	m	1	1	0	3.5
niewidoczny	c	0	-1	0	-3.0
okolica	c	1	-1	-1	0.0
choroba	c	1	1	0	-4.4
pretensjonalny	m	1	-1	2	-1.0
ładny	m	1	1	2	7.9
finlandia	c	1	1	0	-1.0
wyzwać	c	0	0	0	-0.0
petersburg	c	1	1	0	-1.0
stwierdzić	c	0	0	0	-1.1
facetka	c	0	-1	-1	-1.0
dobrze	m	0	1	1	7.5
rozbudować	c	0	1	0	0.8
czarny	m	1	-1	-1	0.5
sztuka	c	0	0	0	14.3
drewniany	m	1	-1	0	3.4
paliwożerny	m	1	-1	-1	-1.0
tunezja	c	1	1	0	-1.0
chłopiec	c	0	-1	0	3.4
moderator	c	1	1	0	1.3
załączyć	c	0	0	0	-1.0
prozaiczny	m	1	-1	0	0.5
lakoniczny	m	0	-1	-1	-2.0
okładka	c	0	0	0	-0.7
bierny	c	0	-1	0	-4.0
kryzys	c	0	1	1	-7.1
dziki	c	1	1	1	-3.9
obrotowy	c	0	1	0	-1.0
minuta	c	0	0	0	-0.3
przedrukowywać	c	0	0	0	-1.0
obecnie	c	0	0	0	-3.5
priorytet	c	1	0	0	-2.0
ogród	c	0	1	0	4.6
rozpraszać	c	1	-1	0	-4.0
rozgłośnia	c	1	1	0	-1.0
dowódczy	c	0	0	0	-1.0
dzisiejszy	c	1	1	0	2.1
powtórzyć	c	1	-1	0	0.2
ekspert	c	0	0	1	-6.5
stado	c	1	1	2	-5.4
kardynał	c	1	1	1	-3.3
chudzić	m	1	1	0	-1.0
team	c	1	1	0	-1.0
seweryn	c	1	1	0	-1.0
pasja	c	1	1	2	6.3
przyzwyczajenie	c	0	1	0	-1.6
radośnie	m	1	-1	-1	3.0
podparcie	c	0	1	0	-1.0
męczyć	c	1	1	-1	-2.6
przestępstwo	c	0	1	-2	-3.6
skryta	m	1	1	-1	-2.6
zwyczaj	c	1	1	0	2.0
nawrócić	c	0	1	2	4.5
ścigać	c	1	-1	0	-6.4
przełomowy	c	1	1	0	-4.2
korzystać	c	0	0	0	1.6
prawomocny	c	1	1	0	-1.0
renta	c	0	1	-1	-3.9
wielki	m	0	0	0	5.1
magiczny	m	1	1	0	-4.0
odstęp	c	0	0	0	-1.0
rolnik	c	1	1	2	-2.0
zaawansowany	m	0	0	0	1.5
nabrzmieć	c	0	-1	0	-2.0
przysłowiowy	c	1	1	0	-0.8
energooszczędny	m	1	1	0	1.0
niechlujny	c	1	-1	0	-1.0
miodnie	c	1	1	-2	-1.0
dodać	c	0	0	0	3.4
przepis	c	0	1	0	-2.5
godzinny	m	0	0	0	-2.0
poczciwy	m	1	1	1	-0.3
szwajcar	c	1	-1	0	-2.0
plebejski	m	1	-1	-1	-1.0
zdobyć	m	0	0	-1	1.5
zielony	m	0	0	0	1.4
wstęp	c	1	-1	-1	1.7
harmonijka	c	1	1	0	-1.0
przeźroczysty	m	0	0	0	-1.0
opaść	m	1	1	2	-5.7
blisko	m	0	0	1	-2.6
święto	c	0	1	-1	3.6
bliski	m	1	-1	-2	5.1
produkować	c	1	0	0	-0.4
obejrzeć	c	0	0	-2	2.6
zainteresowany	c	1	1	-1	-1.0
niebagatelny	c	0	0	0	-0.0
chrystus	c	1	1	0	-1.0
otyły	m	1	1	1	-4.0
wzmocnić	c	1	-1	1	-1.8
wymowny	c	1	0	0	-0.0
stateczny	m	1	1	1	-1.0
jednorożec	c	1	1	0	-1.0
brzemienny	c	1	0	0	-3.0
prawdziwek	c	1	-1	2	-1.0
uroda	c	1	-1	2	6.2
aktualny	m	1	1	0	-2.6
elitarny	m	1	1	0	-1.0
niewiedza	c	1	1	-1	-2.0
zapomnieć	c	1	-1	-1	0.3
brodawka	c	0	0	0	-5.9
ciek	c	0	0	0	-1.0
obecny	c	1	1	0	-0.2
wykwintny	m	1	0	2	0.5
impreza	c	1	1	-1	7.1
fakt	c	1	-1	0	1.2
drzewo	c	0	1	0	1.9
ostatecznie	c	0	0	1	-5.3
alergik	c	0	-1	-1	-0.0
niepokojąco	m	0	0	-1	-2.0
egzorcysta	c	0	0	0	-1.0
pokonać	m	1	0	2	-5.2
trakcja	c	0	0	0	-1.0
ubrany	c	1	1	1	0.2
efektywny	m	1	1	-1	-3.6
łagodny	m	1	1	-1	-1.0
chłopak	c	1	1	1	-1.6
przygotować	c	1	-1	0	5.7
kuriozalny	m	0	-1	-1	-1.0
zawistny	c	1	-1	-2	-1.0
zażyłość	c	1	1	2	-1.0
popatrzeć	c	1	1	1	-2.0
jastrzębie	c	1	1	0	-1.0
pożądać	m	1	-1	-1	-1.0
codziennie	m	0	0	0	-4.8
kraków	c	1	1	0	-1.0
rozsądny	m	1	-1	-1	0.5
paskudnie	m	1	-1	-2	-1.0
emitować	c	0	-1	0	-2.0
powielać	c	1	1	-1	-1.0
religijny	m	0	0	-1	3.9
ubrać	m	1	1	0	3.2
pochopny	m	1	-1	-1	-2.0
odbiór	c	1	1	0	-0.3
grzeszny	c	1	-1	-1	-1.0
przeistoczyć	c	1	1	1	-1.0
błahy	m	1	-1	-1	-3.0
właściwy	c	0	1	0	-1.8
boski	m	1	1	2	2.7
zaniedbać	c	1	1	-1	-0.5
przepiękny	c	1	-1	2	2.0
legitymista	c	1	1	2	-1.0
zaraźliwy	c	1	-1	-1	-1.0
łosoś	c	1	-1	-1	-0.0
pojemny	m	1	1	1	-0.0
miodowy	c	0	1	1	0.5
konsulat	c	0	-1	0	-1.0
dowiedzieć	c	1	1	2	2.2
mieszkać	c	0	0	0	6.3
chrupać	c	0	-1	-1	-1.0
fioletowy	m	0	0	0	-4.4
oddawać	c	0	0	0	2.1
posiedzieć	c	1	-1	0	-4.0
tchórz	c	1	-1	-2	-0.0
podporządkować	c	1	1	0	-1.6
szczęście	c	0	0	0	5.3
figura	c	0	1	-1	0.5
szczery	m	1	1	2	4.3
współczesny	m	0	-1	2	-0.5
wykorzystać	c	0	1	0	1.1
pochodzić	c	0	0	0	2.8
wspólny	c	1	1	1	3.7
podróżować	c	0	1	0	3.5
trzykrotnie	m	0	0	0	-1.6
politycznie	m	1	1	1	-5.6
seksowny	m	1	1	1	2.0
praworządny	m	0	1	1	-1.0
chorób	c	1	1	0	-1.0
obrzeże	c	1	1	0	0.5
męski	m	0	0	0	4.7
ogień	c	0	0	0	2.8
arystokratka	c	1	1	-1	-1.0
wzruszyć	m	1	1	0	-2.0
czytelnik	c	0	1	0	9.7
stacja	c	1	1	1	-1.5
ambitny	m	1	1	1	-5.2
część	c	1	1	0	2.1
pacjent	c	1	1	0	-2.6
brakować	c	1	1	-2	2.2
słownik	c	1	0	2	-0.0
przedział	c	0	0	0	-0.5
obawa	c	1	1	0	-4.8
manieryczny	m	1	-1	-1	-1.0
dynamiczny	m	1	-1	-1	-0.3
konstruktywny	c	1	1	1	-1.0
tramwaj	c	0	0	0	0.2
wyznacznik	c	0	1	0	-2.6
opatrywać	c	1	-1	0	-1.0
dziewica	c	0	-1	-1	-0.0
zima	c	1	1	1	2.7
ciemno	m	0	1	1	-4.0
król	c	1	1	0	6.4
pełny	m	1	1	0	6.0
wypalić	c	1	1	1	-3.3
centrum	c	1	1	1	0.7
odtłuścić	c	1	1	1	-1.0
data	c	1	1	0	-2.5
zdesperowany	m	0	1	1	-2.0
katar	c	0	0	0	-6.0
publicznie	c	0	1	1	-1.5
przywódca	c	1	1	1	-3.8
plakat	c	0	1	0	2.9
felerny	m	1	0	0	-1.0
tragicznie	m	1	-1	-1	-5.4
początkowy	c	0	0	0	-7.0
pionierski	c	0	1	-1	-1.0
nowotwór	c	1	-1	-1	-3.2
początkowo	c	0	1	1	-7.5
zakres	c	0	0	0	-2.7
trochę	m	0	1	0	5.0
codzienny	c	1	1	0	2.4
odbierać	c	1	1	0	-1.8
ideowy	c	1	-1	0	5.5
uszczelka	c	0	0	0	-1.0
bezcelowy	c	1	-1	0	-1.0
wierny	m	1	1	0	3.9
wymarzony	c	0	1	0	2.2
zastosować	c	0	-1	0	-1.5
około	m	0	0	0	0.0
niewolnik	c	1	1	0	-1.5
maksymalny	c	0	0	0	-0.5
wędkarz	c	1	-1	0	-0.0
zniknąć	c	0	-1	-1	0.4
kraina	c	1	0	0	0.0
forma	c	0	1	0	4.2
żywo	m	0	1	0	-0.5
przygasić	m	1	-1	-1	-1.0
szczytnica	c	1	1	0	-1.0
pewno	c	0	1	0	5.3
pokazać	c	1	1	1	5.0
gabinet	c	0	0	0	2.6
zaznajomić	c	1	1	0	-1.0
wczesny	m	0	1	0	-2.6
drgawka	c	1	-1	-1	-7.0
typowo	c	1	-1	0	1.0
powiat	c	1	1	0	-1.9
dowcipny	c	1	1	1	-1.8
skromnie	c	1	1	2	-1.0
niesympatycznie	c	1	-1	-2	-1.0
wcześnie	m	0	-1	0	2.9
twórca	c	0	1	0	3.7
składnia	c	0	1	0	-1.0
hala	c	1	1	0	0.0
przestępca	c	1	-1	0	-2.6
feministycznie	m	1	-1	-2	-1.0
dosłowny	m	0	0	0	-0.2
przeraźliwie	m	1	-1	0	-1.6
niesamowicie	c	1	1	2	-3.2
przystojny	m	1	1	2	-1.0
nadczynność	c	1	-1	-1	-3.0
kreska	c	0	-1	0	-2.8
nieodłączny	m	0	-1	-1	-4.0
uprawnić	c	0	0	0	-1.0
organ	c	0	0	0	-5.1
większością	c	1	1	0	-1.0
pieczołowicie	m	1	1	1	-1.0
spacerować	c	0	1	1	-4.6
jednokierunkowy	c	0	-1	-1	-1.0
oprzeć	c	0	1	0	3.0
gładki	m	0	1	-1	-0.2
nuta	c	0	-1	0	-3.4
zainteresować	c	1	1	0	2.4
jednorazowy	c	0	0	0	-1.4
chętny	m	1	1	0	0.4
kraj	c	0	0	1	5.9
zapiąć	c	0	0	-1	-0.0
nowość	c	0	-1	0	-2.0
elastyczny	m	1	1	1	-3.6
poker	c	0	0	0	-1.0
trzecioklasista	c	1	0	-2	-1.0
doświadczyć	c	1	1	0	-4.7
relacja	c	1	1	1	3.1
mikołaj	c	0	1	0	-1.0
speszyć	c	1	-1	-1	-1.0
zadowalający	m	0	1	0	-0.0
samochód	c	0	-1	0	4.3
ustawiać	c	0	0	0	-1.8
cierpliwość	c	1	1	1	-0.2
cudownie	m	0	0	0	8.1
ciekawski	m	1	-1	-2	-1.0
typowy	m	1	1	0	0.1
eksperyment	c	0	0	0	-4.5
lekkość	c	1	1	-1	-1.3
lecznictwo	c	1	-1	0	-1.0
śmierć	c	1	-1	-2	4.0
skazany	c	0	0	0	-3.5
elektryczny	c	0	0	0	-5.5
ruch	c	0	1	0	-3.3
trauma	c	1	1	-1	-4.9
mój	m	0	0	0	11.1
internet	c	0	1	0	-0.7
dowód	c	0	1	0	3.4
sypka	m	0	1	-1	-1.0
zegarek	c	0	-1	-1	-1.0
efekt	c	1	1	0	2.0
butla	c	0	0	0	-2.0
eksperymentalny	m	1	0	0	-3.0
koncertowo	m	1	1	2	-2.0
punkt	c	0	0	0	1.0
głuchy	c	1	-1	1	-5.7
przetwórstwo	c	1	1	0	-2.0
romans	c	1	1	-2	-1.0
obowiązkowo	c	0	0	0	-1.0
infantylny	m	1	-1	-2	-1.0
festyn	c	1	1	0	1.3
limeryk	c	1	-1	0	-1.0
oaza	c	0	0	0	-1.0
spotykać	c	1	-1	0	6.5
setka	c	0	0	0	-3.0
katechetka	c	1	1	1	-1.0
hipolit	c	1	1	0	-1.0
spektakularny	m	1	1	1	-2.6
ankieta	c	0	1	0	2.3
biedny	c	1	1	0	2.1
uziemić	c	0	0	1	-1.0
grozić	c	0	-1	0	-5.8
sukces	c	1	1	1	3.3
apetyt	c	1	1	1	-5.5
prawnik	c	1	1	0	-1.0
tekst	c	0	1	1	5.6
zatytułować	c	0	0	0	-3.0
trwać	c	0	1	1	0.8
mucha	c	0	-1	-1	-4.0
stabilnie	m	0	1	-1	-1.0
serwisować	c	1	1	0	-1.0
złodziej	c	1	-1	0	-2.6
mieszanka	c	0	1	0	-2.6
niebezpieczny	c	1	1	2	-7.4
koszalin	c	1	1	0	-1.0
grabarz	c	1	1	-1	-1.0
łamliwy	m	1	1	0	-2.0
radykalnie	m	0	-1	0	-1.7
hodowla	c	1	1	-1	-1.0
elegancki	m	1	1	1	1.5
racjonalny	m	0	1	1	-2.1
przykryć	c	0	0	0	-0.5
styczeń	c	0	1	0	1.2
dzieło	c	1	1	2	9.0
dawny	m	0	0	1	7.0
zrobić	c	1	1	0	4.6
kaktus	c	1	-1	0	-0.0
rozważny	m	0	1	-1	-1.0
napędowy	c	0	0	0	-1.0
hanka	c	1	1	0	-1.0
dawno	c	0	0	-1	4.6
jednolity	m	0	0	0	-1.0
kawałek	c	0	-1	0	4.3
wniebowzięty	m	1	1	0	-0.0
żydowski	c	0	0	0	-4.1
wyśmienicie	m	1	-1	2	-3.9
lekki	m	0	0	0	2.5
napiąć	m	1	-1	0	-10.2
dziedziczyć	c	1	-1	-2	-2.6
wykształcić	c	1	1	0	-1.0
podciągać	c	0	-1	-1	-1.0
lekarka	c	1	0	0	-2.0
świąteczny	c	0	0	1	1.1
rosyjski	c	1	-1	-1	-1.7
miłośniczka	c	1	1	0	-1.0
krzykliwy	m	1	0	0	-4.2
ulubiony	c	1	1	0	5.9
pałac	c	1	1	0	-0.5
opłacalny	m	1	-1	-2	-1.0
podróbka	c	1	1	-1	-1.0
fajny	m	1	-1	0	2.0
pech	c	1	1	0	-4.0
wyrób	c	0	1	0	1.2
pstrokato	m	1	-1	-2	-1.0
grunt	c	0	0	0	0.2
stryj	c	1	1	0	0.2
reklama	c	0	1	0	6.4
wystawny	c	0	1	1	-1.0
dłoń	c	0	-1	-1	1.9
mieszany	c	0	1	1	-1.0
dopowiedzieć	c	1	-1	0	-1.0
wpis	c	0	0	0	-2.0
cofnąć	c	1	1	1	-7.5
udomowić	c	1	-1	0	-1.0
zawierać	c	0	0	0	-0.3
pieczenie	c	0	1	2	-4.6
kutas	c	0	1	0	-1.0
działać	c	1	1	1	1.6
teoretyczny	m	0	0	0	-0.8
kierować	c	0	-1	1	4.4
trójkąt	c	0	0	0	-2.0
seans	c	1	-1	0	-1.0
łatwość	c	1	1	1	-2.5
święcić	m	0	0	0	-1.0
dodatek	c	1	-1	0	-1.0
czekolada	c	0	1	-1	-2.6
podawać	c	0	-1	0	0.2
giętki	m	1	-1	-1	-2.0
parę	c	0	0	0	3.7
nadmierny	c	1	-1	-1	-7.5
dziewiczy	m	0	0	0	-2.0
zająć	c	0	1	1	7.2
zrogowacieć	m	1	0	-1	-1.0
entuzjastyczny	m	1	1	2	-0.0
utalentowany	m	1	1	-2	1.5
węglowy	c	1	1	0	-2.6
przytłaczająco	m	1	-1	-1	-1.0
taka	m	0	0	0	-0.2
ignorancja	c	1	-1	-1	-2.0
potężny	m	1	1	-2	-1.3
wodnisty	m	0	-1	0	-1.0
naruszalny	m	0	0	1	-1.0
serdeczny	c	1	1	1	5.6
światowy	m	1	-1	0	-1.0
pięknie	m	1	1	1	10.3
wilgotny	m	0	-1	1	-0.6
pozytywnie	m	1	1	0	-2.3
oniemiać	m	1	1	-1	-1.0
repertuar	c	0	0	0	0.4
porywczo	m	1	-1	-1	-1.0
syndykat	c	1	-1	1	-1.0
popis	c	0	0	0	-0.0
projektor	c	1	-1	-1	-1.0
cytra	c	1	1	-1	-1.0
dorosnąć	m	1	-1	-2	-3.6
wina	c	1	0	0	-2.5
sala	c	1	-1	0	3.6
wściec	m	1	-1	0	-2.5
wprawić	c	1	1	1	-1.0
inicjować	c	0	-1	0	0.5
komiczny	m	0	0	-2	-0.5
dojmująco	m	1	-1	-1	-3.0
podłamać	c	1	1	1	-1.0
wybaczalny	m	0	0	0	-1.0
kufer	c	1	-1	-1	-1.0
specyficzny	m	0	0	0	-3.2
adresat	c	0	1	0	3.1
medytacja	c	1	1	0	-1.0
odróżnialny	m	0	0	0	-1.0
perwersyjny	c	1	-1	1	-1.6
niewątpliwy	c	1	1	2	2.3
znacznie	c	0	0	0	0.4
kolejny	m	0	1	0	3.2
dostawić	c	0	1	1	-0.0
japoński	m	1	1	1	-0.5
wieś	c	0	1	0	1.4
poniedziałek	c	0	0	0	-0.2
rehabilitacja	c	0	0	0	-6.6
obco	m	1	-1	-1	-1.0
dalekosiężny	m	0	0	0	-2.0
wybrany	c	0	0	0	-0.0
literalnie	m	0	0	0	-1.0
szwajcaria	c	1	1	0	-1.0
odzyskać	c	1	-1	0	-0.6
podwójny	c	1	-1	0	-0.9
trądzik	c	1	-1	0	-1.0
sukienka	c	0	0	0	-1.6
zalecać	c	0	-1	0	-5.1
ciąż	c	1	1	0	-1.0
dowódca	c	0	1	0	-1.6
krzesło	c	1	1	0	-1.0
wysoki	m	0	0	0	4.8
średnio	m	1	1	2	-5.6
przymiot	c	1	-1	0	-0.0
kontroler	c	1	1	0	-1.0
wysoko	m	0	0	0	4.4
merkel	c	1	1	0	-1.0
dosłownie	c	0	-1	1	-3.7
żywy	m	1	1	0	3.9
łacny	m	0	0	0	-1.0
czepialska	m	1	1	0	-1.0
księgowość	c	0	0	0	-1.0
pojęć	c	1	1	0	-1.0
genialny	m	1	1	0	2.5
maciupki	m	1	1	-1	-1.0
innowacyjny	m	1	1	0	-0.0
czepialski	m	1	-1	-1	-1.0
oblężony	c	0	-1	0	-1.0
apteka	c	0	0	0	-0.3
prawda	c	1	1	1	6.3
bomba	c	1	1	0	-2.4
uczestnik	c	0	0	0	1.9
zabawnie	c	1	1	0	-2.0
równomierny	c	0	0	1	-1.0
urokliwy	m	1	1	1	-1.0
osiągnięcie	c	0	0	-1	2.8
republika	c	1	1	0	-4.0
zmusić	c	1	0	0	-4.1
prezerwatywa	c	0	1	2	-1.0
banalnie	m	1	-1	-1	-1.0
zapas	c	0	1	0	-2.0
reguła	c	0	0	0	-0.9
tryb	c	0	0	0	-6.3
możliwość	c	1	-1	1	3.4
łącznik	c	1	1	1	-1.0
śmieszny	m	1	-1	-1	2.7
zastanowić	c	1	1	1	-2.9
monogamista	c	1	1	1	-1.0
sportowy	m	0	0	0	1.0
wózek	c	1	1	0	-1.8
marnie	m	1	-1	-2	-2.6
ocalić	c	1	1	1	1.9
uległy	c	1	-1	-1	-1.0
umiejętność	c	1	1	1	4.0
oryginalny	m	1	1	2	0.8
próbka	c	0	0	0	-2.0
podłużny	m	0	0	0	-0.0
spory	c	1	1	0	2.9
ubić	m	1	1	0	-1.0
zajmować	m	0	1	0	3.5
sport	c	1	1	2	3.1
zacząć	c	1	1	0	3.6
książka	c	0	0	0	3.7
wątek	c	1	1	0	-2.1
rada	c	0	0	0	2.4
długotrwały	m	0	0	0	-6.1
wypożyczyć	c	0	0	0	-2.0
rozgrywać	c	0	1	0	-4.3
kolumna	c	0	0	0	-3.6
porządny	m	1	1	1	1.5
młodzież	c	1	1	1	4.1
broń	c	1	-1	-1	0.9
narożnik	c	1	1	0	-1.0
rady	c	1	1	0	-1.0
zachować	c	0	0	0	5.1
warszawski	m	1	0	0	-1.2
solipsystyczny	m	0	1	0	-1.0
august	c	0	1	0	-4.0
czołówka	c	1	1	0	-4.0
atrapa	c	1	1	1	-1.0
posmak	c	1	-1	0	-3.0
krośno	c	0	1	0	-1.0
opakować	c	0	1	1	-1.0
terapeuta	c	0	1	0	-4.2
kandydat	c	1	1	0	-4.0
zaciąć	m	1	-1	0	-2.0
prosperować	c	0	1	-1	-0.0
powiedzieć	c	1	1	0	5.1
ociężale	m	1	-1	-1	-1.0
opóźnić	c	0	-1	0	-3.0
bezbolesny	m	1	1	0	-5.5
reformatorski	m	1	1	1	-1.0
zdobić	c	1	-1	-1	0.5
dawać	c	1	1	0	4.1
niegrzeczny	c	1	-1	-2	0.3
wypaść	m	1	1	0	-3.8
grzeczny	m	1	1	1	3.1
odczuwać	c	1	-1	0	-2.1
prokurent	c	0	1	0	-1.0
drogo	c	1	1	-1	-1.0
drogi	c	1	1	0	3.3
metaliczny	c	1	1	0	-2.0
ambicja	c	1	1	-1	-1.5
tortownica	c	0	1	0	-1.0
łysy	c	0	-1	0	1.5
droga	m	1	1	0	4.4
klimat	c	1	1	1	5.0
pretekst	c	1	-1	-1	-4.4
sława	c	1	1	0	4.3
pole	c	0	1	0	2.1
więzień	c	1	1	0	-4.0
zaspokoić	c	1	-1	0	3.5
gubić	c	1	-1	-1	-3.4
wietrznie	m	1	-1	0	-1.0
ludny	m	1	1	0	-1.0
wiec	c	1	1	0	-1.0
wrażliwy	m	1	1	-2	-0.4
całość	c	0	-1	0	1.5
grono	c	0	0	0	1.0
wzajemny	m	0	1	0	-1.2
ciąg	c	0	0	0	1.5
tworzyć	c	0	0	0	2.3
chudy	m	1	-1	-1	-4.2
pierwowzór	c	1	-1	-2	-2.0
perfidny	m	1	-1	-2	-1.0
spotkać	c	1	-1	0	5.4
żywiołowy	m	1	-1	1	-4.4
nerwica	c	0	0	0	-6.8
opór	c	1	1	0	-4.2
węgieł	c	1	-1	0	-1.0
nizina	c	0	1	0	-1.0
niektóry	c	0	0	0	-1.6
wydarzenie	c	1	1	-1	-2.1
wstydliwy	c	1	-1	-2	-3.5
klika	c	1	-1	0	-1.0
osiągać	c	0	0	0	-3.5
oznakować	c	0	0	-2	-0.0
odporny	m	1	1	2	-4.7
torba	c	0	-1	0	1.4
sytuacja	c	0	1	0	0.8
kompetentny	m	1	1	1	-0.0
kameralnie	m	1	1	1	-1.0
minister	c	1	1	1	0.6
wysportowany	m	1	1	-2	-1.0
nieprawdziwy	c	1	1	2	-2.6
zrozumieć	c	1	1	1	0.9
masaż	c	1	-1	0	-5.0
kolor	c	0	1	2	5.8
nieprzerwany	c	0	0	0	-2.0
zmyślić	c	1	1	0	-2.6
morski	c	0	0	2	-3.4
poszukiwany	c	1	1	-1	0.5
alternatywny	m	1	1	0	-3.9
liczny	m	1	-1	-1	0.6
bajecznie	m	1	1	2	-0.0
rzadki	m	1	1	0	-1.9
izrael	c	1	1	0	-1.0
winko	c	1	1	0	-1.0
moralny	m	1	-1	1	-0.5
związek	c	1	1	1	-0.4
identyczny	m	1	1	1	-3.0
nieprawdopodobny	m	1	0	0	-1.5
swobodny	m	0	1	1	-1.6
całkowity	m	0	-1	0	-1.9
żartobliwy	c	1	-1	0	3.9
ocieplić	c	0	0	0	-0.0
solidny	m	0	0	0	-0.4
stewardesa	c	0	0	0	-1.0
specjalista	c	0	0	1	-1.7
ojciec	c	0	-1	0	5.4
głośno	c	1	-1	-1	0.4
kontynuacja	c	0	1	0	-1.0
tłusty	m	1	1	0	0.4
zrozpaczony	m	1	-1	1	-0.8
luksus	c	1	1	2	0.3
głośny	m	0	-1	-2	-1.2
jeść	c	0	1	0	2.5
sprawca	c	1	0	-2	-3.4
przekraczać	c	0	0	0	-1.8
obiekt	c	0	0	0	6.3
miary	c	1	1	0	-1.0
gawędziarski	m	0	0	0	-1.0
fermentować	c	1	0	0	-1.0
oczywiście	m	1	1	0	6.6
wykres	c	1	1	0	-3.6
ruszyć	c	0	1	0	-2.9
wilhelm	c	1	1	0	-1.0
podejmować	c	0	1	0	-2.3
umieścić	c	0	0	0	-1.8
transcendentalny	m	0	1	0	-1.0
zdenerwować	c	1	-1	1	-5.1
wydłużyć	c	1	-1	-1	-2.0
akademik	c	1	1	1	-2.2
trudno	c	1	1	0	3.9
wyjść	c	0	0	0	0.3
wykluczyć	c	1	1	1	-4.4
ciało	c	0	1	0	3.3
jednakowy	m	0	1	0	-1.2
dostosować	c	0	1	0	-2.4
kukła	c	1	1	-2	-1.0
mebel	c	1	0	0	1.9
ustrój	c	1	-1	0	-5.9
bezpowrotnie	c	1	-1	0	-6.0
dziwaczny	m	1	-1	-1	-3.6
dyrektor	c	1	1	1	4.5
ziemski	m	0	1	1	1.3
aspołeczny	m	1	1	-2	-3.0
kuba	c	1	1	0	-1.0
ostro	m	1	-1	-1	-5.8
powód	c	0	-1	0	-0.5
bystry	m	0	-1	-2	-2.4
autoryzować	c	1	1	1	-1.0
rama	c	0	0	0	-0.3
robiony	c	0	0	0	0.5
metodyczny	m	0	0	1	-1.0
uwzględniać	c	0	0	0	1.0
rozmawiać	c	1	1	-2	0.5
anachroniczny	m	1	-1	0	-1.0
ciekawie	c	1	1	1	-2.8
pijak	c	1	-1	0	0.5
prezydent	c	0	1	2	5.0
żądny	c	1	1	1	-2.9
endecki	m	0	0	0	-1.0
przesadnia	m	1	-1	-1	-4.0
przymus	c	0	-1	0	-2.9
bezmyślnie	m	1	-1	-1	-1.0
kilo	c	0	1	1	-1.0
koncepcja	c	0	1	0	-1.9
zakochany	m	1	1	0	-3.3
pomocnik	c	0	0	0	-3.4
awans	c	0	-1	0	-4.3
upewnić	c	1	1	2	-2.8
naturalnie	m	1	1	0	-2.1
określić	c	0	0	0	-1.9
bramka	c	0	0	0	-6.2
perspektywa	c	0	0	0	1.1
wyspa	c	0	1	0	3.4
mieszkaniec	c	0	-1	0	2.9
turystyczny	m	0	1	0	3.4
bliźniak	c	1	-1	0	-2.0
zatrudnić	c	0	-1	0	-3.5
litera	c	0	0	0	2.0
bujny	m	1	1	1	0.5
fajniutki	m	1	1	0	-1.0
blok	c	0	0	0	-3.5
dogodny	m	1	1	1	-5.0
przyzwyczaić	c	1	-1	-1	-4.1
real	c	0	0	0	0.5
konkretnie	m	0	0	0	-4.6
neutralny	m	1	1	0	-1.0
lada	c	1	1	1	-1.5
przydrożny	c	1	1	0	-0.5
kupować	c	1	0	0	0.5
połączyć	c	0	0	0	1.4
puchaty	c	1	1	0	-1.0
wydać	c	0	0	0	1.6
atrakcyjny	m	1	1	1	1.7
żyzny	m	0	0	0	-1.0
opole	c	0	0	0	-0.6
przypominać	c	1	1	0	2.6
suma	c	0	0	0	1.6
praktyka	c	1	-1	0	0.0
samiec	c	1	1	0	-1.0
niezależny	c	1	1	0	-0.1
żargon	c	1	0	0	-1.0
aktor	c	0	1	2	2.1
słońce	c	1	-1	-1	6.3
odrobina	c	1	1	0	-0.4
awangardowy	m	1	-1	-1	1.0
napotkać	c	0	1	1	-2.4
czysty	m	0	1	-1	10.8
przytulny	m	1	1	2	2.0
kula	c	0	-1	0	-1.5
właściciel	c	0	1	2	5.8
zaopatrzyć	c	0	1	0	-0.6
ciężko	m	1	1	0	-1.6
biuro	c	0	1	0	0.8
przeszkoda	c	0	1	0	1.5
tylny	c	1	1	0	-5.5
wspaniały	m	1	1	2	12.4
prymitywny	c	1	-1	-2	-2.6
zaniepokoić	c	1	-1	0	-2.9
błotnisty	m	0	-1	-1	-1.0
właściwie	c	1	0	-2	4.6
kania	c	1	0	0	-1.0
miara	c	0	0	0	1.9
woleć	c	0	0	0	2.6
folgować	c	0	-1	0	-1.0
instynktowny	m	1	-1	0	-2.0
teoria	c	0	0	0	-0.9
chłopięcy	c	0	1	1	-2.0
intelektualnie	m	1	1	0	-1.0
sprzyjać	m	1	0	0	-2.0
industrialny	m	0	0	1	-1.0
suchy	m	1	1	2	-1.9
piątek	c	0	0	0	-1.7
gwałcić	c	0	-1	1	-0.5
przygoda	c	0	-1	-1	0.2
ameryka	c	1	1	0	-1.0
lukratywny	c	1	1	1	-1.0
nieszczęście	c	1	-1	0	-0.8
efektowny	m	1	1	2	-1.0
praca	c	0	0	0	6.8
pancerny	m	1	-1	0	-1.6
wiza	c	1	-1	-1	-2.4
przyjacielski	m	1	-1	2	-3.0
bezrobotny	c	1	0	0	-4.6
nowoczesny	m	1	-1	-1	-0.5
zmartwienie	c	1	0	0	-4.2
ekscentryczny	m	1	-1	-1	-1.0
identyfikować	c	0	0	0	0.7
banalny	m	1	-1	-1	-1.5
odwiedzać	c	0	-1	0	1.9
owocny	m	1	-1	1	-2.0
malować	c	0	1	1	8.0
wspomnieć	c	1	1	1	3.3
zdyszany	m	1	1	0	-2.6
udzielać	c	0	0	0	-3.5
złoty	c	1	-1	0	6.6
połowa	c	0	0	0	0.9
kałuża	c	0	-1	-1	-3.6
utylitarny	m	0	0	0	4.1
znajomy	m	1	1	0	4.3
przepchnąć	c	1	0	-1	-1.0
słuszny	c	0	1	0	-0.3
spokojnie	m	1	1	1	-3.5
prestiżowy	c	1	1	0	-3.2
recepta	c	0	1	0	-3.6
chwila	c	1	0	-1	2.8
sprytny	c	1	1	0	-1.0
ryzykowny	m	1	1	1	-2.3
przytłaczać	m	1	-1	-1	-0.0
znajomo	m	1	1	1	-1.0
obciążyć	c	1	-1	2	-5.4
kurhan	c	1	1	0	-1.0
wydajność	c	0	1	0	-3.0
gildia	c	0	0	0	-1.0
kultowy	m	0	0	0	0.5
porywający	c	1	1	1	-0.6
zstępny	c	1	-1	-1	-1.0
wiek	c	0	0	0	-2.1
płynny	m	0	0	0	1.9
odkrywczy	m	1	1	2	1.0
któryś	c	0	0	0	-0.1
rozlec	m	0	0	0	-5.0
niedawno	c	1	-1	0	0.8
postanowić	c	0	0	0	5.5
wiosennie	m	0	1	0	-1.0
nóżka	c	0	-1	0	0.5
przedstawić	c	0	1	0	2.9
operator	c	0	1	0	-3.6
wiecy	c	1	1	0	-1.0
przesądny	c	1	-1	0	-1.0
przewozić	c	0	0	0	-2.0
zagłębie	c	1	1	0	-3.6
istnieć	c	1	1	2	2.2
wstrząs	c	1	-1	0	-5.7
bohater	c	1	-1	-1	3.1
staro	m	1	1	0	-2.0
wieczność	c	1	-1	0	-1.3
postać	c	1	1	1	2.0
poduszka	c	1	1	0	-4.2
przystępny	m	1	1	1	-0.5
szczęśliwy	m	1	1	1	5.3
obojętnie	m	0	1	0	-4.8
wyrok	c	0	1	0	-7.8
stary	c	1	0	0	5.6
zjadliwy	m	1	1	1	-3.6
karcić	c	1	-1	0	-1.0
liberalny	m	1	1	-2	-1.0
pogorszyć	c	1	1	0	-4.0
często	m	1	-1	0	-1.0
użytkować	c	0	0	0	2.1
suczy	c	1	-1	-1	-1.0
głupio	m	1	-1	-1	-2.2
architekta	c	1	1	0	1.8
garnitur	c	0	1	0	5.1
częsty	m	1	-1	0	-3.6
certyfikat	c	0	1	0	-3.0
transformować	c	0	0	0	-1.0
epilog	c	1	1	0	-1.0
lufa	c	0	-1	0	-2.6
uzupełnić	c	0	-1	0	-3.2
zastrzeżenie	c	1	1	0	-1.4
adopcja	c	0	1	0	-0.0
nienormalny	c	1	-1	-2	-3.0
przestrzegać	c	1	1	0	-3.0
rozgarnięty	m	1	1	1	-1.0
chwytliwy	m	1	1	2	-1.0
kontrastowy	m	0	0	0	1.5
miłość	c	1	0	0	7.8
troszkę	m	0	0	-1	2.8
szarawy	c	0	0	0	-1.0
zdechnąć	m	1	-1	-2	-1.0
walka	c	1	1	1	1.0
karać	c	1	-1	-1	-3.6
ściana	c	0	1	1	2.8
liniowy	c	0	0	0	-1.0
pogląd	c	1	-1	2	0.8
dostatecznie	c	0	0	0	-2.4
altana	c	0	1	0	-1.0
zjadać	c	0	-1	0	-2.8
identycznie	m	0	0	0	-1.0
prawy	c	1	1	0	-1.0
film	c	0	0	1	5.4
głowa	c	1	1	-1	2.0
bojowo	m	0	0	0	-1.0
aktorka	c	1	1	0	-2.3
interwencja	c	1	-1	-1	-6.1
załoga	c	1	-1	0	-2.7
dziedziczny	c	1	-1	0	-3.4
cicho	m	1	0	0	-1.9
podmiejski	c	0	1	0	-2.0
powszechny	m	0	0	0	-1.2
nienaturalnie	c	1	-1	0	-1.0
wynalazek	c	1	-1	0	-1.0
trasa	c	0	0	0	0.6
rozmowny	m	1	1	-1	-1.0
religia	c	1	1	0	0.8
bezwarunkowo	m	0	1	1	1.5
ukryć	c	1	1	0	0.9
bezpłciowy	m	1	-1	-1	-1.0
nakładać	c	0	0	0	-4.1
gran	c	0	0	0	-1.0
cichy	m	1	1	-1	0.2
zdumiewający	m	1	1	0	-0.6
przenosić	c	0	0	0	-1.7
troskliwy	m	1	1	2	2.9
zamknięty	c	0	0	0	-2.2
symbol	c	0	0	0	4.3
propozycja	c	1	1	-1	0.0
przydatny	m	1	1	2	-1.7
ewangelia	c	0	0	0	-0.9
mocować	c	1	1	0	-0.0
użytkownik	c	1	1	0	4.0
grupa	c	0	-1	1	1.1
przycisk	c	0	0	2	-1.2
polak	c	0	-1	2	-1.0
dociekliwy	m	1	-1	-2	-1.0
słyszeć	c	1	1	0	3.7
należycie	c	1	1	0	-0.6
siostra	c	1	1	0	1.4
osada	c	1	1	0	-3.0
studio	c	1	1	2	0.4
masa	c	0	-1	0	-2.1
łomotać	c	0	0	0	-1.0
trzymać	c	1	-1	-1	5.2
rachunek	c	0	-1	0	-2.1
karkołomny	m	1	0	0	-1.0
dochód	c	0	0	0	-5.4
anonimowy	m	1	1	1	3.7
ostentacyjny	m	1	-1	-1	-2.0
adam	c	1	1	0	-1.0
miękki	m	0	1	0	1.5
pruderyjny	m	1	-1	-1	-1.0
duża	c	1	1	0	-1.0
poprawić	c	1	1	0	-2.4
azja	c	1	1	0	-1.0
dorobek	c	0	0	0	0.8
mołdawia	c	1	1	0	-1.0
zdjęć	c	1	1	0	-1.0
jajo	c	1	1	0	-5.2
matka	c	1	1	-1	2.7
niepowtarzalny	c	0	0	2	-1.6
poezja	c	0	0	1	5.9
piątka	c	0	0	0	-4.0
wpływ	c	0	0	0	-4.0
olbrzymieć	m	0	0	0	-1.0
mięciutki	m	1	1	-1	-1.0
łatwy	m	1	-1	-1	2.8
akord	c	1	1	0	-1.6
ośrodek	c	1	1	0	-1.6
zamiar	c	1	-1	0	-1.5
uniwersalnie	m	0	0	0	-1.0
następny	c	0	0	0	0.8
równowaga	c	0	1	0	-7.8
przenośnia	c	0	1	0	-2.0
nora	c	0	0	0	1.0
program	c	1	-1	-2	1.4
przeciwnik	c	1	-1	0	-0.9
łatwo	m	1	0	-1	2.5
kołowy	m	1	1	0	-1.0
bezcielesny	m	1	-1	-1	-1.0
aktywny	m	1	1	0	-2.6
te	m	1	1	1	-0.0
obławiać	c	1	1	2	-1.0
aktualizować	c	0	0	0	-1.0
mleczny	c	0	1	0	-3.6
kolorowo	m	0	1	0	-0.0
bezchmurny	m	0	1	0	-1.0
ferie	c	1	1	0	1.0
polecać	c	1	1	0	3.8
zamożny	c	1	1	1	1.0
zauważyć	m	1	-1	0	-0.2
komputerowy	c	0	0	0	-3.3
skomplikować	c	0	-1	-1	-2.0
encyklopedyczny	m	0	0	0	-1.0
poznawać	c	0	1	1	1.5
kolorowy	m	0	1	1	6.9
zmierzyć	c	0	0	0	-2.9
wymagalny	m	0	0	0	-1.0
fala	c	0	0	-2	-2.5
wirtualny	c	1	1	1	-3.0
statyczny	m	0	0	0	-1.0
ciągle	m	0	0	0	0.2
nabożeństwo	c	1	1	0	-2.0
gruba	m	1	-1	0	-0.0
wylewny	m	1	1	-1	-1.0
odświętny	m	1	1	1	-1.0
anegdota	c	1	1	0	2.1
sporo	c	1	1	0	0.6
subtelny	m	0	0	0	4.2
autentyczny	m	0	0	0	5.4
mecząc	c	1	1	0	-1.0
mile	c	0	1	1	1.0
nadzieja	c	1	1	0	6.0
nazwa	c	0	-1	0	5.0
ogromniasty	m	1	-1	-1	-1.0
komiksy	c	1	1	0	-1.0
fotografia	c	1	1	1	5.0
zasadzić	c	0	1	1	-1.0
długowieczny	m	1	1	1	-1.0
odjazd	c	1	0	0	0.5
świeżo	m	1	1	2	-1.6
anonim	c	1	1	1	-3.0
mączny	m	0	0	0	-1.0
chłonny	m	0	1	0	-3.6
stres	c	1	-1	-1	-7.8
widownia	c	1	1	0	1.9
systematycznie	c	0	-1	0	0.7
czechy	c	1	1	0	-1.0
owieczka	c	1	1	2	-1.0
poszkodowany	m	0	-1	-2	-2.2
świeży	m	0	1	0	-0.7
zabierać	c	1	1	0	2.1
starożytny	c	1	0	0	-0.0
zameldować	c	1	-1	1	-0.5
importować	c	0	0	0	-1.0
milimetr	c	0	0	0	-0.0
wypłynąć	c	0	0	0	-0.5
wywołać	c	1	-1	0	-3.4
śnieg	c	1	-1	-1	0.8
równia	c	0	1	0	-1.0
przewidywać	m	0	1	0	-5.5
wymyślny	m	1	1	-1	-1.0
patetyczny	m	0	0	0	-0.0
urządzenie	c	0	1	1	-1.8
powolny	m	0	0	-1	-6.2
chorągiewka	c	1	1	0	-1.0
odlegle	m	1	-1	-1	-1.0
ślad	c	0	1	-2	-1.2
jednodniowy	c	0	0	0	-1.0
marnotrawstwo	c	1	1	0	-2.0
przestronny	m	0	1	2	1.5
zupełność	c	1	1	0	-2.0
długo	m	1	1	0	2.8
strona	c	0	1	-1	5.2
zmienić	c	1	-1	-1	4.1
hazardzista	c	1	1	1	-1.0
dział	c	1	1	0	-3.6
samokrytyczny	m	1	1	2	-1.0
osobliwy	m	1	1	0	-2.6
wpływowy	m	1	1	2	-1.6
owy	m	1	1	0	-1.0
przeprowadzać	c	1	1	1	-6.6
umieszczać	c	0	0	0	0.3
wpływowa	c	1	1	0	-1.0
powalać	c	1	-1	-1	-1.0
stresować	c	0	-1	0	-6.4
stworzyć	c	0	1	1	5.9
błyskawicznie	c	1	-1	-2	-1.9
orientalny	m	0	-1	0	-0.0
szczurkowaty	m	1	1	0	-1.0
smakowity	m	1	-1	-2	-1.0
istny	c	1	-1	1	-0.6
tytuł	c	0	0	0	1.1
zawsze	m	1	-1	0	5.7
utrwalić	c	0	0	0	-3.0
mediator	c	0	0	0	-1.0
integracja	c	0	0	0	-4.6
wymysł	c	1	1	1	-1.0
siadać	c	0	1	0	-1.8
gęsty	m	0	0	1	-3.2
zadaniowy	m	0	0	0	-1.0
spojrzenie	c	1	-1	0	0.0
smak	c	1	1	2	6.6
adresować	c	1	1	-1	-1.0
służyć	c	0	-1	0	5.5
cień	c	0	1	0	0.2
biologiczny	c	0	1	0	-5.0
tolerancyjny	m	1	1	0	-1.0
tajemniczy	m	1	-1	-1	-0.1
świetnia	m	1	-1	-1	-0.8
drożny	m	1	1	2	-1.0
pozbawić	c	0	0	-2	-2.8
świetnie	c	1	-1	0	4.2
świeżość	c	1	1	1	-0.6
podgatunek	c	1	1	-1	-1.0
chrześcijaństwo	c	0	1	1	-0.8
pediatra	c	0	-1	0	-1.0
bezpośrednio	m	0	1	0	-3.9
mięso	c	1	1	0	-1.6
znawca	c	1	0	-1	-3.0
redukcja	c	0	0	0	-6.3
dydaktyczny	m	0	1	1	0.5
przesadzić	c	1	1	-1	-3.0
odwieczny	m	0	0	0	-0.0
pismo	c	0	1	0	1.7
barwny	m	1	1	1	1.0
określony	c	0	0	0	-0.2
słowo	c	1	-1	-1	8.1
wróżek	c	1	1	-1	-1.0
intymnie	m	0	0	0	-1.0
córka	c	0	-1	-1	3.5
zarezerwować	c	0	1	-1	-1.0
myśleć	c	1	-1	-1	5.4
sielankowy	m	1	1	-1	-1.0
zdrowy	m	1	1	2	6.4
wspaniale	m	0	0	0	5.2
otwarty	m	0	0	0	2.5
cenzurowany	c	1	-1	1	-1.0
damski	c	1	1	-1	-3.0
góralski	c	1	0	0	1.0
naiwny	m	1	-1	-1	1.3
nutka	c	0	0	0	-2.0
skazać	c	0	-1	-1	0.4
właściwość	c	0	1	1	0.1
pesymistyczny	m	0	0	0	-1.0
ponury	c	0	-1	-1	-5.6
egoistka	c	1	-1	0	0.5
fantastycznie	m	1	1	2	1.8
rozprężny	m	0	1	0	-1.0
czubek	c	1	1	0	-2.8
dojrzale	m	1	1	1	-0.7
wokalistka	c	1	1	1	-0.0
zabić	c	1	-1	0	-2.6
allegro	c	1	1	-1	-1.0
niesprawny	c	1	1	1	-2.0
dusza	c	0	1	-1	3.4
triada	c	0	0	0	-1.0
rozpocząć	c	1	0	1	-1.3
fotograficzny	c	1	1	1	1.9
przygnębiać	m	1	-1	-1	-2.0
szczególnie	c	0	-1	0	3.6
rekomendacja	c	0	0	0	-2.0
skrypt	c	0	0	0	-2.0
pełnia	c	0	-1	1	6.2
pompa	c	0	1	0	-3.6
naftowy	c	1	1	0	-2.5
hugo	c	1	1	0	-1.0
barszcz	c	1	1	-1	-1.0
plastikowy	m	1	1	1	0.2
rozkosznie	m	1	-1	2	-1.0
płochliwy	m	1	-1	-1	-2.0
jednoznaczny	m	1	1	0	-1.0
demokratyczny	m	1	1	1	-5.1
przykład	c	1	1	0	3.8
podziw	c	1	-1	0	8.0
trwały	m	1	1	1	-0.9
wróg	m	1	1	-1	-0.5
kaczyński	c	1	1	0	-1.0
reprezentować	c	0	1	0	0.1
bezpłatny	m	1	1	-2	0.5
świadek	c	0	1	0	-3.1
tamten	c	0	1	0	0.7
odnieść	c	0	1	1	-6.4
luksusowy	m	1	1	0	1.0
bezkarnie	m	1	1	1	-3.6
sierść	c	0	0	0	-0.5
powszechnie	c	0	1	0	1.0
ognisty	m	0	1	0	-3.0
sprzedawca	c	1	-1	0	2.3
niezwykły	c	1	-1	-1	5.7
transportować	c	0	0	0	-1.0
normalnie	m	1	1	0	-3.5
energiczny	m	1	1	1	-2.6
więzić	c	1	-1	0	-1.0
wyspany	m	1	-1	2	-2.0
człowiek	c	1	1	-2	4.1
uśmiechnięty	c	1	1	2	2.5
próba	c	1	1	1	1.6
prawdziwie	m	1	1	0	4.9
kontynent	c	0	1	0	-4.2
zaskakująco	m	0	0	2	-0.0
przedsiębiorca	c	1	1	0	-3.9
źrebak	c	0	0	0	-1.0
ustalić	c	0	0	1	-3.0
organizacja	c	0	0	0	-2.2
karnawałowy	c	1	1	-1	-1.0
fałszywy	c	0	0	0	-2.8
wyciąg	c	0	1	1	-4.0
wielokrotnie	c	1	1	0	-0.8
mściwy	m	1	-1	-2	-3.6
pracodawca	c	0	0	0	-4.4
umiarkowany	m	1	-1	0	-2.3
rozrywka	c	1	1	0	3.0
łapczywy	m	1	-1	-2	-1.0
obliczalny	m	0	0	-1	-1.0
szczekliwy	m	1	-1	-1	-1.0
utopić	c	1	1	0	-0.5
ozdoba	c	1	1	0	1.8
wieża	c	0	1	0	-1.9
nagroda	c	1	1	1	8.1
podręcznik	c	0	1	1	-2.2
kulturalny	m	1	1	0	5.4
trywialny	m	1	-1	-1	-2.4
pobierać	c	0	0	0	-3.7
rękaw	c	1	-1	1	-3.2
świadomy	m	1	1	0	-0.4
rewolucyjny	m	1	1	0	-2.6
filip	c	1	-1	-1	-1.0
prześliczny	c	1	1	0	2.5
przedstawiciel	c	1	-1	1	-0.4
html	c	1	1	0	-1.0
objaw	c	1	1	-1	-11.5
dziupla	c	0	1	0	-1.0
istota	c	0	1	0	2.2
lato	c	0	0	0	2.2
nietykalny	m	1	1	-1	-2.0
filia	c	1	1	1	-2.0
brzoza	c	0	1	0	-0.0
genetyczny	c	1	-1	0	-4.4
gorliwy	m	1	1	-1	-2.6
zwiększyć	c	1	1	0	-4.5
inspirować	m	0	1	1	1.9
publikacja	c	0	0	0	-4.5
konsekwentny	m	0	1	2	-0.2
poniżać	m	0	1	0	-3.3
siła	c	1	1	0	4.1
miastowy	m	1	-1	0	-0.0
nabity	m	1	-1	0	-1.0
przechować	c	1	-1	-1	-1.0
dyskusyjny	m	0	1	0	-1.0
uroczyście	m	1	1	-1	-0.5
zabawny	m	1	1	-2	0.6
jasnowidz	c	0	0	1	-1.0
kościół	c	0	1	0	4.2
rzetelny	c	0	1	0	-1.6
jednostka	c	0	0	0	-2.5
wiadomość	c	1	1	0	-0.2
zapłodnić	c	1	-1	0	-0.0
przyjazd	c	1	-1	0	1.3
pomarszczyć	c	0	-1	-1	-1.6
zapiec	m	1	-1	0	-2.0
łamać	c	0	1	0	-0.9
wliczyć	c	1	1	1	-1.0
powściągliwy	m	1	0	-1	-1.5
zaciszny	c	1	1	0	-2.0
spółka	c	0	0	1	-4.5
widoczny	m	0	1	0	2.2
idea	c	0	1	0	4.5
widzieć	c	1	1	0	4.7
dwulatek	c	1	1	0	-1.0
posażny	c	1	1	0	-1.0
odpowiedź	c	0	1	1	0.5
przekreślać	c	0	-1	0	-1.0
etat	c	0	1	0	-4.2
drobno	c	1	0	0	-2.0
instruktor	c	0	1	0	2.5
nawigacja	c	0	0	0	-1.0
podejść	c	1	1	0	1.8
szczęśliwie	m	1	1	-1	-0.3
środowisko	c	0	0	0	-1.1
tradycja	c	1	1	0	4.3
luty	c	0	1	1	1.4
zarząd	c	0	0	0	-1.3
drobny	m	1	1	-1	-0.9
jednostronny	m	0	-1	0	-3.0
stracony	c	0	-1	0	-5.2
pikantny	m	0	0	0	-1.0
wskazany	c	0	0	0	-1.4
szalenie	m	1	1	0	-5.0
konflikt	c	1	-1	0	-5.6
starość	c	1	1	1	-2.3
naciśnięcie	c	1	1	0	-1.0
skory	m	1	1	1	-1.0
napisać	c	0	-1	1	5.5
wytchnienie	c	1	1	1	-2.6
domena	c	0	0	0	-0.6
panierować	c	0	0	0	-1.0
fiat	c	1	-1	-1	3.0
badanie	c	0	0	0	-5.3
przepięknie	m	0	1	2	-0.0
nieostry	c	0	0	-1	-1.0
kusić	m	1	1	0	-3.0
nudziarz	c	1	-1	2	-1.0
włączyć	c	1	1	0	-1.9
chusta	c	0	0	1	-2.6
krzta	c	1	1	1	-1.0
chodzić	c	1	1	0	7.1
jednorodny	c	0	0	0	-1.0
oponiak	c	1	1	0	-1.0
karteczka	c	0	0	0	1.8
jakiś	m	0	1	0	5.4
alkoholiczka	c	1	1	0	-2.0
student	c	1	1	0	1.4
nieunikniony	m	0	0	0	-5.2
ubezpieczony	c	0	0	0	-2.0
sensowny	m	1	1	1	-0.0
grzebyk	c	0	1	-2	-2.6
synchronizacja	c	0	0	0	-1.0
malarstwo	c	1	0	0	0.7
warta	c	0	0	0	-0.6
tatar	c	0	0	1	-1.0
zorganizować	c	0	0	0	4.0
ulec	m	0	0	0	-5.0
dojść	c	1	1	-1	-1.6
pomagać	c	1	0	0	1.5
bilon	c	1	-1	1	-1.0
zbytnio	c	1	1	0	1.0
ogniwo	c	0	0	0	-3.6
temperatura	c	0	0	0	-5.7
przyjemność	c	1	-1	0	9.5
zapał	c	1	-1	-1	-1.2
odstąpić	c	0	-1	0	0.5
wygórować	c	1	1	2	-1.0
kanada	c	0	0	0	-5.4
globalny	m	1	-1	-2	-4.0
tata	c	1	1	2	2.1
norweg	c	1	1	0	-1.0
szczecina	c	0	0	0	-1.0
środkowy	c	0	-1	0	-3.0
kopiować	c	0	1	0	-0.0
skuteczny	m	0	0	0	-1.6
twarzowy	m	1	1	1	-2.6
szósty	c	0	0	0	0.3
nacisk	c	1	1	0	-0.8
dokładnie	m	0	1	0	1.7
świątecznie	m	0	0	0	-1.0
szlachcianka	c	1	1	0	-1.0
naprawa	c	0	0	0	-0.9
zainstalować	c	0	1	0	-3.0
ekskluzywny	m	0	0	0	0.5
niezły	c	1	-1	2	-2.5
para	c	0	1	0	-0.9
poufały	m	1	-1	-1	-1.0
norma	c	0	0	0	-1.7
doskonale	m	1	1	2	7.0
park	c	1	1	0	7.0
przełożyć	c	0	0	0	-2.6
prywatny	c	1	1	0	4.5
władczy	m	1	1	-1	-0.0
mama	c	1	-1	0	-0.4
niezbity	c	0	0	0	-1.0
markowski	c	0	1	2	-1.0
powołany	m	0	0	0	-0.7
filmik	c	0	0	-1	0.5
wniosek	c	0	1	0	1.6
ciężarka	c	1	1	0	-1.0
napój	c	1	1	0	-2.6
dzieciństwo	c	1	1	-1	-1.0
imponować	m	1	1	0	1.5
sezon	c	1	0	2	-5.8
dany	c	0	1	0	-1.7
pisarz	c	1	1	0	2.6
promienny	m	1	1	0	-1.0
kino	c	1	1	0	3.5
metoda	c	0	0	0	-2.3
obiecujący	m	1	1	1	-5.0
orkiestra	c	1	-1	0	2.7
obdarzyć	c	1	1	0	4.8
przemożnie	m	0	0	0	-1.0
kategoria	c	0	0	0	1.0
narzędziownia	c	0	1	0	-1.0
grek	c	1	1	0	-0.0
konsumenty	c	1	1	0	-1.0
cukierkowy	m	0	-1	-1	-2.3
dyżur	c	0	-1	0	-0.0
domowy	m	1	-1	0	0.0
popielaty	m	0	0	0	-1.0
krew	c	1	-1	1	-0.3
uzbrojony	c	1	-1	0	-3.0
zwiedzać	c	0	0	0	1.3
wyposażyć	c	0	0	0	2.0
musnąć	c	1	-1	0	-2.0
kłębek	c	1	0	0	-4.6
ukończyć	c	0	1	0	-1.2
eksterioryzacja	c	0	1	0	-1.0
zwalić	c	1	1	0	-3.0
krem	c	1	-1	-1	-1.5
zdrajca	c	1	1	0	-2.0
zapatrzony	m	0	-1	0	-1.0
autyzm	c	1	1	0	-3.9
każdy	m	0	-1	-1	7.4
nieskazitelny	m	1	1	1	3.1
wydajny	m	0	1	0	-2.4
zależny	m	0	0	0	-2.5
jedynak	c	0	1	-1	-0.0
budować	c	0	1	1	3.7
ladacznica	c	1	-1	-1	-1.0
własność	c	0	0	-1	0.1
wynik	c	1	1	0	2.1
hotel	c	0	1	0	-0.1
jerzy	c	1	1	0	-1.0
zwycięstwo	c	1	0	2	-2.9
roztropny	m	1	1	1	-1.0
prosto	c	1	1	2	3.4
dedykować	c	0	1	0	1.5
troczek	c	1	1	1	-1.0
ogólny	m	0	-1	0	-0.9
rezydent	c	1	1	0	-1.0
odwrotny	c	0	0	0	-1.5
plan	c	0	1	0	3.0
maca	c	0	1	0	-0.0
spędzić	c	1	1	1	0.2
plac	c	0	0	0	3.3
wanilina	c	1	1	0	-1.0
frajda	c	0	1	2	-0.0
obiecać	c	0	0	0	2.1
pobawić	c	1	1	1	-0.0
odurzać	m	1	-1	-1	-1.0
windows	c	1	1	0	-1.0
szczupły	m	1	1	-1	-1.1
oskarżyć	c	1	1	0	-5.4
niejednokrotnie	c	0	1	0	-5.8
słyszalny	m	0	0	2	-1.0
opowieść	c	1	-1	-1	1.2
zakup	c	1	1	-1	2.8
nietypowy	c	1	0	0	-1.6
otwierać	c	0	-1	-1	1.5
wymarły	m	1	-1	0	-1.0
warszawiak	c	0	0	0	-0.0
uważać	c	1	1	0	2.9
sceptycznie	m	0	-1	0	-1.0
praktycznie	c	1	0	0	-1.7
robić	c	0	0	1	4.7
łazienka	c	1	1	0	0.9
natchnienie	c	1	1	0	-1.8
absolutnie	m	0	0	0	3.5
wyszczekany	c	1	1	1	-1.0
idealny	m	0	0	0	2.4
idiota	c	1	-1	0	0.2
konto	c	1	1	1	-4.9
oceniać	c	0	1	1	1.5
usatysfakcjonować	c	1	1	0	-0.0
udany	m	1	-1	1	2.9
ekstrawagancki	m	1	-1	-1	-1.0
drzwi	c	0	0	0	3.3
jedyny	m	1	0	0	4.6
łącznie	c	0	0	0	-1.7
represyjny	m	1	-1	-2	-1.0
ogólnie	c	0	0	0	-1.0
kopenhaga	c	1	1	0	-1.0
komercyjny	m	1	1	0	2.5
budownictwo	c	1	1	0	-1.4
akcja	c	1	1	-1	3.5
tlenowy	c	0	0	0	-1.0
mechaniczny	m	0	0	0	-5.4
szczególny	c	0	0	0	3.2
zbieżny	c	0	1	0	-0.0
skłonny	m	1	0	0	-3.2
lakiernik	c	1	-1	1	-1.0
zdolny	m	1	1	2	3.2
rozpoznać	c	0	-1	2	-0.4
cholera	c	0	1	0	0.1
sila	c	0	-1	-1	-1.0
atrakcyjnie	m	1	1	2	-1.0
gospodarstwo	c	0	0	0	1.5
nieistotny	c	1	-1	-1	-1.0
stabilny	m	1	1	1	-4.2
antypolski	m	1	-1	-2	-1.0
zbiórka	c	0	0	1	-0.5
odrzucić	c	0	0	0	-0.6
wyprostować	m	1	-1	-1	-2.0
nabyć	c	0	-1	0	-1.5
konieczność	c	0	-1	0	-4.8
pęknąć	c	0	-1	0	-7.7
rzecz	c	0	1	0	7.4
mocny	m	1	1	1	3.7
świątynia	c	0	-1	0	0.7
wyraźny	m	0	1	1	-0.9
miarodajny	m	0	0	0	-1.0
mocno	c	1	-1	0	7.4
bulka	c	0	1	1	-1.0
nieczytelny	c	1	0	0	0.5
przeżyć	c	1	1	1	3.4
udawać	c	1	1	-2	2.9
muskularny	m	1	-1	1	-1.0
święta	c	1	-1	0	-1.8
nośny	m	0	0	0	-2.0
siny	m	0	-1	0	-1.6
słęp	c	1	0	1	-1.0
jednocześnie	m	0	0	0	1.3
klub	c	1	1	0	3.0
świętoszkowaty	m	1	-1	-1	-1.0
nieogarnięty	c	1	1	-2	-1.0
hipoteza	c	0	1	0	-2.5
święty	m	0	0	0	9.6
strachliwy	m	1	-1	-1	-1.0
przejrzysty	m	0	1	1	0.8
europa	c	1	1	0	-1.0
ostrzeżenie	c	1	1	1	-2.6
ukrainiec	c	1	1	0	-1.0
numer	c	0	0	0	3.1
obowiązkowy	c	0	1	0	0.9
modry	c	0	1	1	-1.0
toroidalny	m	1	0	0	-1.0
wędrówka	c	0	1	0	-1.0
obserwator	c	1	1	1	-1.9
symboliczny	m	0	0	-1	3.8
zadowolony	c	1	1	1	1.7
klient	c	0	0	0	-3.6
stale	c	0	0	0	-1.8
formalny	m	0	1	0	1.1
kwota	c	0	0	0	-5.2
brzydki	c	1	-1	-2	3.7
brzydko	c	0	0	1	-0.5
celibat	c	0	-1	0	-2.0
usuwać	c	0	0	0	-6.1
wizerunek	c	0	0	0	-2.3
wychudzić	m	1	-1	-1	-4.0
znikomy	m	0	0	1	-1.5
kopia	c	0	0	0	-0.8
czujny	m	0	1	1	-1.6
granica	c	0	-1	0	2.2
wiarygodny	m	1	1	1	-3.9
przekonać	c	1	1	0	2.5
poręczny	m	1	1	0	0.5
bułgaria	c	1	1	0	-1.0
pomocny	m	1	1	-1	0.1
smoczy	c	1	-1	-1	-2.0
lubić	c	1	1	-1	5.8
rozstrzygnąć	c	0	0	1	-4.7
emisja	c	0	0	0	-3.0
przyjaźnie	c	1	1	1	1.1
mózg	c	1	1	1	-6.2
dynamicznie	m	1	-1	0	-0.0
tysiąc	c	0	1	0	5.2
zmienny	m	0	0	0	-4.0
nazwać	c	1	-1	0	1.5
narazić	c	0	-1	-1	-6.2
ludożerca	c	1	-1	0	-1.0
zasięg	c	0	0	0	-1.8
wścibski	m	1	-1	2	-1.0
zmęczony	c	1	1	-2	-4.7
oddany	m	1	-1	0	7.9
rewelacyjnie	m	1	1	-1	-3.0
ozdobny	m	0	1	0	4.0
śmietnik	c	1	1	1	-2.9
analogiczny	m	0	0	0	-6.4
ręka	c	0	1	0	1.4
czynność	c	0	1	0	-4.7
komputer	c	0	-1	0	1.6
filtr	c	0	0	-1	-3.6
wiązać	c	0	1	0	-1.5
renegocjować	c	0	1	1	-1.0
odlotowo	m	1	1	2	-1.0
kajdanki	c	1	-1	2	-1.0
kojarzyć	c	1	-1	2	-3.4
jutro	c	0	0	0	-0.6
lekarstwo	c	0	-1	-1	-3.4
bieda	c	1	-1	2	-1.6
mnogi	m	0	0	0	-1.0
objąć	c	0	0	0	2.2
słodycz	c	1	1	-1	-0.5
osobny	m	0	1	0	0.2
podlić	m	1	-1	-2	-1.0
przywódczyni	c	1	1	1	-1.0
kwadratowy	m	0	0	-1	1.3
używać	c	0	0	0	1.2
sprawiedliwość	c	1	1	0	2.1
opisowy	m	0	1	0	-0.6
kruszonka	c	1	1	-2	-1.0
przyswajalny	m	0	1	0	-1.0
łudząco	m	1	-1	0	-1.0
projekt	c	0	1	0	3.3
latać	c	1	1	2	-2.7
uderzający	m	1	-1	0	1.0
uginać	c	1	1	0	-1.0
płaski	m	0	0	0	-1.4
nauczyciel	c	0	1	0	0.7
urząd	c	0	0	0	0.8
niepozorny	m	0	-1	0	-2.0
szczególność	c	0	-1	0	1.2
gawędziarz	c	1	1	0	-1.0
niemiły	c	1	1	1	-4.7
postrzegać	c	1	1	0	-0.2
właśnie	m	1	-1	2	6.8
wybredny	m	1	-1	-1	1.0
styl	c	0	0	0	4.7
kupiec	c	1	-1	0	1.1
wnikliwie	m	0	1	0	-0.0
pisownia	c	1	1	0	-1.0
uzyskać	c	1	0	0	2.6
koalicja	c	1	1	0	-4.5
zepsuć	c	1	-1	-1	-2.8
olbrzymi	c	0	0	0	3.3
rodzic	c	0	-1	0	-5.2
znany	m	0	0	0	4.5
rozmieścić	c	0	0	0	-3.9
rozcięcie	c	0	0	0	-1.0
fraza	c	0	-1	0	-4.4
minimalizować	c	0	0	0	-3.0
wiedzieć	c	1	1	0	6.8
niezawodny	c	0	-1	-1	-0.0
obowiązany	m	0	0	0	-0.0
fantastyczny	m	1	-1	1	7.9
ludzie	c	1	1	-2	4.8
inspiracja	c	0	0	-1	-0.8
przygniatać	m	1	-1	-1	-3.0
świat	c	0	0	0	7.1
komfortowy	m	1	0	1	-0.5
beznadziejnie	m	1	-1	-2	-1.3
moment	c	0	0	0	5.0
zwiastun	c	0	0	0	-3.6
zawziąć	m	1	-1	-1	-1.0
zawiązka	c	0	1	0	-1.0
zaborczy	m	1	-1	-2	-1.0
sprzeczny	c	1	1	0	-3.5
który	m	0	1	0	5.1
komfortowo	m	1	1	1	-1.0
konwencja	c	0	0	0	1.4
zaradny	m	1	1	1	-1.0
konkubinat	c	1	0	0	-1.0
smukły	m	0	1	0	-0.5
niezgoda	c	1	1	0	-2.6
śluz	c	0	0	0	-3.6
tłoczny	m	1	-1	-1	-1.0
żenada	c	1	1	-1	-2.6
obniżyć	c	1	1	0	-5.4
wzór	c	1	-1	0	4.3
motoryzacja	c	1	-1	2	-1.0
archiwum	c	1	1	2	-2.6
powodować	c	0	0	0	-7.0
przybyć	c	1	1	2	-3.8
konkret	c	0	1	0	-1.0
siedmiokrotnie	m	0	0	0	-1.0
kiepski	c	1	-1	0	-4.2
wypoczywać	c	1	-1	0	-1.0
wrzucić	c	1	-1	0	-1.5
smaczek	c	0	1	-1	-1.0
rynek	c	0	1	0	0.0
głupota	c	0	-1	0	1.3
szampan	c	1	1	-1	0.3
piaszczysty	m	1	-1	-1	-1.0
utwór	c	1	1	0	4.7
parzyć	c	1	1	-1	-3.8
obeznać	m	1	0	0	-1.0
ogromny	m	1	1	2	6.7
wątroba	c	1	-1	0	-7.2
waga	c	0	0	0	-1.1
patriota	c	1	-1	0	-0.2
oblubieniec	c	1	1	0	-1.0
zabrudzić	c	0	0	1	-1.0
kuchnia	c	1	0	0	4.9
włoch	c	1	1	0	-1.0
ścisły	m	0	0	0	-0.2
skanować	c	0	0	0	-2.0
namiętny	m	1	1	0	-1.6
ciec	m	1	-1	-1	-2.0
szuflada	c	0	-1	0	-2.4
zrozumiały	m	1	1	0	-3.1
bezbłędny	m	1	1	0	-0.0
wyrywny	m	1	-1	-1	-1.0
skala	c	0	0	0	-2.8
narzucać	c	0	0	0	-0.3
zakończony	c	0	1	0	-3.1
format	c	0	0	0	-1.6
wyłapywać	c	1	1	1	-1.0
przebiec	m	0	0	0	-7.5
kobieco	m	1	1	1	-1.0
godny	c	0	1	0	6.3
spać	m	0	1	0	-2.7
jasny	m	0	-1	1	2.4
pospieszny	m	1	0	-2	-3.0
ogół	c	0	0	0	3.1
musieć	c	0	0	0	6.1
kryształowy	c	1	1	1	-1.0
kobiecy	m	0	1	1	5.1
skompresować	m	0	0	0	-1.0
akceptacja	c	1	1	-1	2.4
fanatycznie	m	1	-1	-2	-1.0
śliczny	c	1	1	1	7.7
światłość	c	0	1	0	-1.0
gorący	c	1	1	0	2.8
lampa	c	1	-1	0	-2.4
sztywny	m	1	-1	0	-3.1
strategiczny	m	0	0	0	-5.0
technologia	c	0	0	0	-6.1
gorąco	m	1	1	-1	3.8
podrzeć	c	1	-1	-1	-3.0
powtórka	c	0	1	0	-2.6
słuchacz	c	0	1	1	-0.6
rozlazły	m	1	-1	-2	-1.0
krupnik	c	1	1	0	-1.0
wtajemniczyć	c	1	-1	0	-1.0
intelektualny	m	0	1	1	1.5
oferować	c	0	0	0	0.8
cięcie	c	0	-1	-1	-6.2
ruchomy	m	0	0	0	-2.0
zajebiście	m	1	-1	0	-0.0
ciepły	m	0	1	1	6.2
kopalnia	c	0	0	2	-4.4
nieważny	c	1	-1	-1	-2.5
uroczyć	m	1	1	1	-1.0
jabłko	c	1	-1	1	1.0
fujarka	c	1	-1	0	-1.0
energia	c	0	1	0	0.2
ciepło	m	1	1	0	3.5
decyzja	c	0	1	1	2.6
zachodni	m	0	0	0	-5.0
finansować	c	0	1	0	-5.4
smacznie	c	1	1	1	-1.0
mało	m	1	1	0	0.3
pokój	c	0	0	0	-1.1
idealnie	m	1	1	2	0.5
średniowiecze	c	0	1	0	-5.0
następujący	c	0	0	0	1.1
ulepszyć	c	1	-1	-1	-1.0
leczyć	c	1	1	1	-4.8
bariera	c	0	0	0	-1.4
wycelować	c	0	1	1	-2.0
opiekun	c	1	-1	1	-2.2
iwona	c	1	1	0	-1.0
apostoł	c	0	0	0	-2.6
ekonomista	c	1	1	0	-2.8
przeciwwskazanie	c	1	1	0	-0.0
filozoficzny	m	1	1	0	1.3
książę	c	1	-1	0	3.4
zwyciężyć	m	1	1	0	-1.0
doszczętnie	m	0	-1	0	-2.0
namacalnie	m	0	0	0	-1.0
razić	m	0	-1	-1	0.5
panienka	c	1	-1	0	0.4
reklamować	c	1	1	1	2.2
wygórowany	m	0	-1	-1	-2.6
przyczepa	c	1	0	0	-1.0
tendencja	c	0	0	0	-4.1
rozespany	m	1	1	1	-1.0
kwiat	c	0	1	1	7.8
osoba	c	1	1	0	2.1
bezpośredni	m	0	0	0	-2.3
ignorować	c	1	-1	-1	-3.4
zdać	c	1	1	2	1.5
błyskotliwy	m	1	1	1	-3.0
ujawniać	c	1	-1	-1	-5.3
zapełnić	c	0	0	0	-3.0
komórka	c	0	1	0	-5.8
płatny	c	0	0	0	-0.0
śledź	c	1	-1	-1	-5.0
równoległy	m	0	1	0	-4.0
niezadowolony	c	1	1	0	-2.3
racja	c	1	0	0	3.1
czterokrotnie	m	0	0	0	-1.0
wykrywać	c	0	-1	0	-3.4
kategoryczny	m	1	-1	-1	-0.0
wzmianka	c	0	0	0	1.0
obsługiwać	c	0	0	0	-1.2
merytoryczny	c	0	1	0	-0.0
wacek	c	0	1	2	-0.0
brązowy	m	0	-1	-2	1.9
realny	m	0	0	0	-4.9
czepiec	c	0	-1	0	-1.0
sprzedawać	c	1	1	1	1.1
ustawowo	c	0	1	0	-1.0
ocenzurować	c	0	0	0	-1.0
prosty	m	1	1	0	5.4
koloratka	c	1	1	1	-1.0
strój	c	0	0	0	9.1
bios	c	0	-1	0	-1.0
dukat	c	0	1	0	-1.0
lekko	m	1	-1	0	1.5
bruk	c	1	1	0	-3.0
gimnazjum	c	1	1	0	2.1
wymusić	c	0	0	0	-5.0
żaden	m	1	-1	0	5.7
pragmatyczny	m	1	1	1	3.0
pionowy	m	0	0	0	-3.0
uniwersalny	m	1	1	0	1.4
ciąża	c	0	-1	-1	-0.2
minimalny	m	0	0	0	-1.2
getto	c	0	1	1	-2.2
konieczny	c	1	1	0	-3.9
śliski	m	0	-1	0	-5.7
nieświadomy	c	1	1	0	-4.5
wstać	c	1	1	0	-3.0
pastor	c	1	-1	-1	-3.6
kurwa	c	1	1	0	1.2
komornik	c	0	0	0	-2.0
kangurek	c	1	1	0	-1.0
opisywać	c	0	-1	0	-5.7
dodatni	m	0	0	0	-3.0
narkotyk	c	1	1	-1	-5.5
starannie	m	1	1	0	-2.3
decydować	c	0	-1	0	-0.1
przyczepny	c	1	-1	0	-1.0
inicjatorka	c	1	1	1	-1.0
przyjemnie	m	1	1	1	3.5
produkcja	c	0	0	0	-3.6
aromatyczny	m	1	1	1	-2.0
spalić	c	0	-1	0	-3.9
spiczasty	m	0	0	0	-1.0
adaptować	c	0	0	0	-1.0
normalny	m	1	1	0	-1.5
śrut	c	0	1	0	-1.0
możliwy	c	1	1	0	2.9
wątpliwość	c	1	1	0	5.1
bezwietrzny	m	1	0	0	-1.0
seks	c	1	1	0	0.3
drgać	c	0	-1	-1	-4.0
sąsiedztwo	c	0	1	0	-3.1
rączka	c	0	-1	0	-2.0
wyjątek	c	0	1	0	-1.3
włożyć	c	1	1	0	1.0
niekorzystny	c	1	1	-1	-5.9
morze	c	0	0	0	2.8
przedni	c	0	1	0	-4.3
spadzisty	c	0	0	0	-1.0
psychopata	c	1	-1	0	-2.0
niepełnoletni	c	1	-1	1	-1.0
teza	c	1	-1	0	2.0
honorowy	m	0	0	0	2.2
odwołać	c	1	-1	2	-5.7
potrójny	c	0	-1	0	-2.0
zabieg	c	0	1	0	-3.4
odległość	c	0	0	2	-0.6
materia	c	0	1	0	-0.6
nabrzmiały	c	0	1	-1	-1.8
wybić	m	1	-1	0	-5.4
monstrualnie	m	0	0	0	-1.0
niedziela	c	1	1	1	1.6
wygląd	c	0	-1	-2	6.3
totalnie	m	1	-1	0	-1.0
wcześniak	c	1	-1	0	-2.6
udział	c	1	1	0	4.7
transport	c	1	1	1	-5.0
szczepić	c	0	0	2	-1.0
ciemnogranatowy	c	0	0	0	-1.0
pomoc	c	0	-1	0	7.2
zagadkowy	m	1	-1	-1	-1.0
równoprawny	c	1	1	2	-1.0
okropnie	m	1	-1	-1	-4.3
nadzwyczajny	c	0	0	0	-2.0
ruszać	c	1	-1	1	-0.2
zmysłowy	m	1	1	0	4.4
przeszywać	m	1	-1	-1	-1.0
odmienny	m	0	-1	0	2.0
przepuklina	c	0	-1	0	-2.6
kochany	m	1	1	2	5.2
rozterka	c	1	-1	2	-4.9
specjalny	c	0	1	0	5.3
zmysłowo	m	0	-1	0	0.5
pęknięta	c	1	1	0	-1.0
przychylny	m	1	1	1	-1.0
kwestia	c	0	1	0	-2.4
metrowy	m	0	0	0	-1.0
niegroźny	c	1	-1	0	-5.4
zachęcać	m	1	0	0	2.3
toksyczny	m	0	-1	0	-7.0
światło	m	0	-1	0	2.4
potwór	c	1	1	-1	-0.0
produkt	c	0	0	0	1.5
przypadkowy	c	1	-1	-1	-5.0
wyjątkowy	m	1	0	0	1.5
bezkarny	m	0	-1	-1	-1.0
ryba	c	1	-1	0	-0.4
jaskrawy	m	0	0	0	-3.4
światły	c	0	0	-1	0.5
zaślepić	m	1	-1	-1	-1.0
współczynnik	c	0	0	0	-2.0
wyjątkowo	m	0	0	0	-1.9
oślizgły	m	1	-1	-1	-1.0
dowolny	m	0	1	0	1.8
oczekiwanie	c	1	-1	-1	0.8
ziemia	c	0	1	-1	4.9
umówić	c	1	0	0	-1.2
rozpoznawalny	m	0	1	0	-1.0
wprowadzać	c	0	-1	0	-1.2
porównać	c	0	0	0	-1.8
utuczyć	c	1	-1	-2	-1.0
łaskawy	c	1	1	2	-0.7
ważny	m	0	1	0	7.4
błysk	c	0	1	0	-5.2
dużo	m	1	1	1	4.0
odcień	c	0	1	0	0.4
obiektywny	m	0	0	0	-2.9
krasnoludek	c	1	-1	-1	-1.0
planować	c	0	0	0	-1.6
duży	m	0	-1	0	7.0
wzorowy	m	0	1	2	-2.0
poczucie	c	1	-1	0	2.6
wytrwały	m	1	1	0	-4.0
anglia	c	1	1	0	-1.0
surowiec	c	1	1	0	0.3
podkreślić	c	0	1	0	0.6
eksploatacja	c	0	0	0	-0.0
obserwacja	c	0	1	0	-2.6
diagnozować	c	0	0	0	-4.4
regularnie	m	0	0	-1	-2.0
poturbować	c	1	1	2	-0.0
dyskretny	m	1	1	-1	0.5
awantura	c	1	-1	2	-4.3
sens	c	1	-1	0	5.0
nieprzyjemny	c	1	-1	-2	-5.7
elementarny	m	0	0	0	-1.5
wcale	m	1	-1	-1	2.6
sądzić	c	1	1	1	1.0
srebrny	m	0	0	0	0.4
gracz	c	1	-1	0	-6.7
alternatywa	c	0	0	1	-0.3
załamać	c	1	-1	-1	-3.2
kilkuletni	c	0	1	-1	-2.0
prymityw	c	1	-1	0	-1.0
cykl	c	0	0	0	-4.1
uszkodzony	c	1	-1	-1	-4.2
daleki	m	0	1	-2	3.2
obumarły	c	0	-1	-1	-2.6
daleko	m	0	1	0	4.7
obrzydliwie	m	0	0	0	-1.0
rześko	m	1	1	1	-1.0
zwycięsko	m	1	-1	0	-3.0
słowny	m	0	0	0	-0.0
służba	c	1	1	1	3.4
obłudny	m	1	-1	-2	-2.0
krótko	c	0	1	0	-0.4
michael	c	1	1	0	-1.0
nikt	c	1	-1	-2	5.0
międzyczas	c	0	0	0	-0.0
mistrz	c	1	1	0	1.4
wizja	c	1	-1	0	2.5
lekcja	c	1	-1	1	-1.1
kluczowy	m	0	0	0	-7.2
warszawa	c	1	1	0	6.4
skutek	c	0	-1	0	-6.6
karalny	c	1	1	0	-1.0
podrodzina	c	0	0	0	-1.0
obciąć	c	1	-1	-1	-2.0
bańka	c	1	-1	0	-2.0
trzeci	c	1	0	0	5.4
murowany	m	1	-1	0	-0.0
podtrzymywać	c	0	1	1	-4.0
wzrosnąć	c	0	0	0	-4.4
ciemię	c	1	1	0	-1.0
główny	c	0	0	0	3.6
wystawa	c	0	-1	1	4.2
miesięczny	m	0	0	0	-4.0
kontrowersyjny	m	1	1	0	-6.5
forsowny	m	1	-1	-1	-1.0
rzeczywistość	c	1	-1	0	2.0
firma	c	0	0	0	5.1
wykorzystywać	c	1	-1	0	1.2
stały	m	0	1	0	0.9
perfekcyjny	m	0	1	1	-2.0
przeróżny	c	0	0	0	-3.6
niebotycznie	c	0	0	-1	-1.0
wykonalny	m	1	1	1	-1.0
bliziutko	m	1	-1	0	-1.0
tragedia	c	1	1	-1	-2.2
rozciągliwy	m	1	1	1	-1.0
zadbać	m	1	-1	1	2.9
morderstwo	c	0	-1	0	-3.5
częściowo	c	0	0	0	-3.6
woskować	c	0	0	0	-1.0
zagrozić	c	1	-1	-2	-4.7
koronkowy	m	0	0	0	-2.0
spisać	c	0	0	0	-0.0
dostrzegalny	m	0	0	0	-2.0
kabina	c	0	0	0	1.0
odpłatny	c	1	1	0	-0.0
uwypuklić	c	0	0	0	-1.0
czynnik	c	1	1	2	-6.8
koszt	c	1	1	2	-2.7
rodzice	c	1	-1	-2	3.3
wyjaśnić	c	0	1	0	-2.0
profesor	c	0	1	1	0.0
papier	c	0	0	0	-0.9
estetyczny	m	1	-1	-1	7.6
optymalnie	c	0	0	0	-1.0
funkcja	c	1	-1	-1	1.2
nastolatka	c	0	1	2	-3.2
talent	c	1	1	1	2.0
torebka	c	1	-1	1	-2.0
fajnie	m	1	1	0	1.3
długość	c	0	0	0	-0.1
szarlotka	c	0	0	0	-0.0
błyszczeć	c	0	-1	0	-2.0
zgodny	m	1	1	0	-0.3
jedynaczka	c	1	1	0	-1.0
muzyka	c	1	-1	0	6.4
zachwycić	c	1	-1	0	5.7
menu	c	0	0	0	3.5
czaszka	c	0	-1	-1	-7.7
gość	c	1	1	1	4.1
porządek	c	1	0	0	1.3
łęczyca	c	1	1	0	-1.0
zgrabny	m	1	1	2	3.8
stoczek	c	1	1	0	-1.0
kebab	c	0	-1	-1	-1.0
współpraca	c	1	-1	0	-0.5
cyniczny	m	1	-1	-2	-1.5
potwornie	m	1	-1	-1	-1.8
zapalić	c	1	-1	0	-2.9
substytut	c	0	0	0	-1.0
zgoda	c	1	1	2	3.6
ustawić	c	0	1	0	-2.5
hardy	m	1	1	-1	-1.0
zasadniczo	c	0	0	0	-0.0
motor	c	1	-1	-1	-3.9
publikować	c	0	0	0	1.5
podrażnić	c	1	-1	1	-1.0
samodzielnie	m	0	1	1	-2.4
uczelnia	c	0	1	0	-0.7
zupełny	m	1	-1	0	2.4
skrajny	m	0	0	-2	-3.3
kanał	c	1	1	0	-5.6
zrelaksowany	m	1	1	1	-2.0
gadatliwy	m	1	-1	-1	-2.0
przewiewny	m	0	1	-1	-0.0
wręcz	m	1	-1	0	3.4
sternik	c	0	0	0	-1.0
dopuścić	c	1	-1	0	-5.1
prowincjonalny	m	1	-1	-1	-1.6
budowa	c	0	0	0	-3.6
montować	c	0	1	0	0.3
zakłócić	c	0	1	0	-4.6
barbarzyńca	c	1	-1	0	-1.0
wgnieść	c	0	0	0	-1.0
przewidywalny	m	1	0	-1	-3.0
wesoła	c	1	1	0	-1.0
zabronić	c	1	-1	-1	-0.5
czcić	c	1	1	2	1.5
zażywać	c	0	0	0	-7.0
obrąb	c	0	0	0	-1.0
społeczeństwo	c	0	1	0	-0.1
najeść	m	1	1	2	0.5
błąd	c	1	1	-1	0.2
folder	c	0	0	0	-1.0
niewolniczo	m	1	-1	-1	-1.0
wesoły	m	0	1	2	-1.3
chrześcijanin	c	0	1	0	-3.1
modelka	c	0	0	-1	-0.5
homeopatyczny	c	0	-1	0	-1.0
biznes	c	1	-1	0	1.0
amatorski	m	1	-1	1	1.5
antybiotyk	c	1	1	0	-4.6
zastąpić	m	0	0	0	1.4
obrońca	c	1	-1	2	-0.4
holandia	c	1	1	0	-1.0
pokazywać	c	1	0	2	1.5
skośny	m	0	0	0	-1.0
wykazać	c	0	1	0	-8.0
kosmologia	c	1	0	0	-1.0
słuchać	c	0	-1	0	4.3
zarobaczyć	c	1	-1	0	-1.0
zasadny	c	1	1	0	-1.0
język	c	0	0	0	7.2
ładnie	m	1	1	2	3.7
przewodnik	c	0	1	0	0.3
kiełb	c	0	0	0	-1.0
bezzębny	c	1	-1	0	-1.0
reakcja	c	1	-1	0	-8.7
panna	c	1	1	1	-0.1
interesujący	c	1	1	1	3.5
zarosnąć	m	1	-1	-1	-1.0
gościnny	m	0	1	1	1.5
koniec	c	0	1	0	5.6
jarzębina	c	0	1	-1	-1.0
uczony	m	1	1	0	-2.1
sprawdzić	c	1	1	1	5.9
konserwatywny	m	0	-1	1	-3.6
palec	c	0	-1	-1	-0.7
późno	c	1	1	2	4.0
dyspozycja	c	0	1	1	-1.6
typować	c	0	0	0	-2.0
gitara	c	0	1	0	0.8
zaczynać	c	1	0	1	4.0
wskazać	c	0	1	0	-3.1
rysuneczek	c	1	0	0	-1.0
zsyp	c	1	-1	-1	-1.0
złoto	c	1	0	1	-0.7
wydolny	m	1	1	1	-1.0
kamienny	c	0	1	0	-3.5
znakomity	m	1	0	-1	4.1
mężczyzna	c	0	0	0	2.1
tłumaczka	c	1	0	0	-1.0
przedłożyć	c	0	0	0	-3.4
twarz	c	0	1	0	2.6
odmiana	c	0	1	0	-0.1
sierpień	c	0	0	0	1.3
obrazoburczy	m	1	-1	-1	-1.0
fart	c	0	1	-1	-1.0
nacjonalistyczny	m	1	-1	-1	-1.0
towar	c	1	-1	0	1.7
klan	c	1	1	0	-1.0
koleżanka	c	1	1	2	0.8
zajęty	c	0	1	0	-4.4
korzystny	m	1	1	0	-2.8
uzupełniać	c	0	0	0	1.5
nikczemny	c	1	-1	0	-1.0
pozycja	c	0	1	0	1.3
dobry	m	0	1	1	9.8
skupić	c	1	1	1	-2.2
interes	c	1	-1	-1	1.9
ponadprzeciętnie	m	1	1	2	-1.0
gorzeć	m	1	1	0	-1.0
proces	c	1	1	0	-3.0
element	c	1	1	0	-2.1
większa	c	1	1	0	-1.0
wypracować	c	0	0	0	1.6
dobro	m	1	-1	0	6.6
bezwonny	m	0	0	0	-1.0
interesować	m	0	0	1	-0.0
owłosiony	m	1	1	1	2.1
przyjaźń	c	1	1	1	4.2
małżeństwo	c	1	1	0	2.8
członkini	c	1	1	1	-1.0
pechowy	c	0	0	-1	-3.6
pożądany	m	0	-1	-1	2.8
braterski	m	1	1	2	-1.0
zaproszenie	c	1	1	2	-1.5
zrosić	c	1	-1	0	-0.0
otwór	c	1	-1	-1	-3.0
prowincja	c	1	1	0	-1.0
zarzucić	c	1	1	0	1.0
czasochłonny	m	1	-1	1	-1.0
pojawiać	c	0	0	0	2.2
uczulić	m	1	1	1	-2.6
oszczędny	m	1	-1	1	1.0
koniecznie	c	1	1	2	2.0
specjalnie	c	0	0	0	0.9
korygować	c	1	0	1	-2.6
przyjemny	m	1	1	0	1.3
znowu	m	1	-1	-1	3.8
rozwijać	c	1	1	2	4.6
lojalny	m	1	-1	2	1.0
literalny	m	0	1	0	-1.0
zostać	c	1	1	-2	4.1
wersja	c	0	0	0	1.4
aniołek	c	0	0	0	1.8
koszary	c	1	1	-1	-1.0
beztroska	m	1	1	0	-1.5
dozwolić	c	0	0	0	-1.0
pracochłonny	m	1	1	1	-1.0
zapewnić	c	0	0	0	1.0
kleisty	m	0	0	0	-1.0
hermetyczny	m	1	1	2	0.5
prąd	c	0	1	0	-4.9
natychmiastowy	m	0	1	0	-6.0
wyjąć	c	0	0	0	-1.9
zaburzyć	c	0	-1	0	-7.0
konkurs	c	0	0	0	10.7
ubezpieczenie	c	0	0	0	-1.9
dziwnie	m	1	1	-1	-5.0
relaks	c	1	1	1	-1.2
auto	c	0	0	0	-0.9
zaadresować	c	0	1	0	-1.0
głównie	c	0	0	0	-0.1
psiak	c	1	1	1	1.0
pilny	m	1	-1	0	1.9
poetycko	m	1	1	0	-1.0
charakter	c	1	-1	0	1.7
dekoracja	c	0	1	1	2.3
warka	c	0	0	0	0.5
sprzęt	c	0	-1	2	-0.0
transparent	c	1	1	0	0.5
reprezentant	c	0	0	0	2.3
granulować	c	0	1	0	-1.0
zauważalny	m	0	1	0	-0.0
zakład	c	1	1	0	-0.4
mody	c	1	1	0	-1.0
potocki	c	1	1	0	-1.0
brutalnie	m	1	-1	-1	-2.0
czworak	c	1	1	0	-1.0
pomóc	c	1	1	1	4.0
moda	c	0	0	1	4.3
przeładować	c	0	0	0	0.5
sałatka	c	1	-1	0	-2.0
traktować	c	0	1	2	2.6
poważny	m	1	-1	0	-1.5
dokonać	c	0	-1	1	0.0
gwiazda	c	0	-1	-2	1.9
strefa	c	0	1	0	-4.7
metr	c	0	0	0	4.4
wolno	m	1	-1	0	-1.7
wonny	c	1	1	0	1.0
podyktować	c	1	-1	-1	0.4
równoważny	m	0	0	0	-1.0
rozgłos	c	1	1	2	2.0
fizyczny	m	0	1	0	-1.6
cisza	c	1	-1	-1	-1.3
marionetka	c	0	-1	-1	-2.0
silnik	c	0	-1	0	-3.5
wolny	m	1	1	0	3.6
decydujący	c	0	0	0	-3.9
zręczny	m	1	1	2	-1.0
optymista	c	1	1	1	-0.0
nazwisko	c	1	1	2	1.8
wynieść	m	0	0	0	0.6
nastawić	c	0	1	0	0.8
widowiskowy	m	1	0	0	-0.0
zdjęcie	c	0	0	0	8.2
masowy	m	1	1	1	0.6
dowolnie	m	1	1	0	-2.6
przezroczysty	m	0	0	0	-0.3
żywot	c	1	-1	-1	-2.0
oziębnąć	c	1	1	0	-2.0
blondynek	c	1	1	0	-2.0
początkujący	c	1	0	0	-2.0
wojna	c	0	0	0	1.7
podrażniony	c	1	1	0	-3.9
pozostały	c	0	0	0	-1.9
bezustannie	m	1	-1	-1	-1.0
podeprzeć	c	1	-1	-1	-2.0
żeton	c	0	0	0	-1.0
nieuchronny	c	0	0	0	-3.4
wykończyć	c	1	-1	-1	-1.5
poważnie	m	0	0	0	-2.0
odtwarzacz	c	0	-1	-1	-1.0
akceptować	c	0	-1	-1	7.2
przeznaczyć	c	0	0	0	-0.1
hojny	c	1	-1	-1	1.5
niezależnie	c	0	0	0	-0.6
czerwony	m	0	0	0	3.2
wykładowca	c	1	1	1	-2.6
beskid	c	1	1	0	-1.0
śmiały	m	1	1	-1	1.0
prawdziwy	m	1	1	2	6.5
paradoksalny	m	1	-1	0	-2.6
optymistyczny	m	1	-1	-1	-2.8
rozwój	c	1	1	0	-3.2
mrozek	c	1	-1	1	-1.0
powidło	c	1	1	-2	-1.0
zawrzeć	c	0	0	0	-1.7
abstrakcyjny	m	1	-1	-1	0.8
zobowiązywać	m	0	-1	0	-2.0
komisja	c	0	-1	0	-4.7
zakończyć	c	0	0	0	-0.7
scena	c	1	1	2	2.7
rozśpiewać	c	1	1	0	-1.0
ofiara	c	1	1	0	-2.6
zatrzeć	c	0	-1	-1	-2.6
biały	m	1	1	0	5.2
monachium	c	1	1	0	-1.0
przyzwolić	c	0	0	0	-1.0
herbata	c	1	-1	0	-0.2
drużyna	c	0	0	0	-4.6
żart	c	1	0	0	2.4
balowo	m	1	1	0	-1.0
prawiczek	c	1	-1	-1	-1.0
ziarnisty	m	0	0	0	-1.0
wyżyłować	c	1	-1	-1	-1.0
umowy	c	0	0	0	-1.0
optymalny	c	0	1	-1	-2.0
system	c	1	1	0	-4.4
ślepy	c	1	-1	0	-6.8
zyskać	c	0	0	-2	2.4
umowa	c	0	0	0	-2.5
uznawać	c	1	-1	0	-0.0
państwo	c	0	1	0	2.1
bezcenny	c	0	1	0	-1.0
termin	c	1	-1	0	-1.5
wykonać	c	1	-1	-2	4.3
rybak	c	1	1	-1	-4.0
upokarzać	m	1	-1	-1	-3.9
niemal	m	1	1	1	0.8
sentymentalny	m	1	-1	-1	-2.0
blondynka	c	1	1	-1	-2.0
kalifornia	c	1	1	0	-1.0
windykacja	c	1	0	0	-1.0
lublin	c	0	0	0	4.0
napalić	c	1	1	0	-1.0
zasługa	c	0	0	2	-0.9
jazda	c	1	-1	0	4.0
burzowy	c	0	1	0	-1.0
udowodnić	c	1	1	-1	-0.5
lista	c	0	0	0	1.8
uczuć	c	1	-1	0	-5.0
nieludzki	c	1	-1	-2	-2.0
materiał	c	0	1	0	2.6
bezsporny	m	1	1	0	-2.0
kropla	c	1	0	1	-4.1
intensywny	m	0	0	0	-3.8
drobiazgowy	m	0	0	0	-1.0
obowiązek	c	1	-1	0	4.5
objęcie	c	0	1	1	1.5
skromny	m	0	0	0	5.5
standardowy	c	0	0	0	-2.0
zdawać	c	1	1	0	0.7
uwłaczająco	m	1	-1	-2	-1.0
genetycznie	m	0	-1	0	-1.0
nieskażony	c	1	1	0	-1.0
rekordowy	m	1	-1	-1	-2.0
kuchenka	c	1	1	0	-0.0
przyjmować	c	0	1	0	2.9
wiadomy	m	0	0	1	-0.3
fuks	c	0	1	0	-1.0
matematyk	c	0	0	-1	-1.0
narodowość	c	0	0	0	1.0
realizować	c	0	0	0	3.2
fatalnie	m	1	1	2	-1.4
skorpion	c	0	1	0	-1.0
szansa	c	1	-1	0	2.3
maluśki	m	1	1	-1	-1.0
seicento	c	0	1	1	-1.0
podłoga	c	1	1	0	-1.7
sprawiedliwy	m	1	1	1	-0.2
naraża	c	1	1	0	-1.0
sufit	c	0	0	0	-3.4
zakładka	c	1	-1	1	-0.0
winowajca	c	0	0	0	-2.0
wyrafinowany	m	1	1	0	2.1
tożsamy	c	0	1	0	-1.0
muzeum	c	0	0	-1	5.2
restauracyjka	c	0	0	0	-0.0
tknąć	m	0	-1	-1	-1.0
opiekuńczy	m	1	-1	1	0.3
wezyr	c	1	-1	0	-1.0
idylliczny	m	1	1	2	-0.0
puszysty	m	1	1	1	-0.0
formalnie	c	1	0	0	-1.0
grudzień	c	0	0	0	-6.0
gmina	c	1	-1	0	-1.5
szkolić	c	0	1	2	-0.0
psychicznie	m	1	1	1	-7.4
sekret	c	1	-1	1	0.3
totalny	m	1	1	0	2.0
odpowiedzialny	m	1	1	0	-5.6
składany	c	0	1	-1	-2.0
tajny	m	1	1	0	-1.3
uczciwy	c	1	1	0	1.5
rzym	c	1	1	0	-1.0
izolacja	c	1	-1	0	-1.8
pojazd	c	0	0	0	1.3
rówień	m	0	0	0	-1.0
ulotny	m	1	1	0	-1.0
sprawiedliwie	m	1	1	1	-1.0
techniczny	m	0	0	0	-0.3
zapaleniec	c	1	-1	0	-1.0
niezdecydowany	c	1	-1	0	-3.6
złożyć	c	0	-1	-1	-1.3
chata	c	1	1	0	-0.6
prywatnie	c	1	1	0	-2.6
wyróżniać	c	0	0	0	-3.4
konsumpcyjny	m	0	0	0	1.5
bezpodstawny	c	0	1	-1	-1.0
środek	c	0	0	0	2.3
gest	c	1	1	0	3.5
gestia	c	0	0	0	-1.0
mikroskopijny	m	0	0	0	-2.6
dokładny	m	0	0	0	-1.2
zagmatwać	m	1	-1	-1	-1.0
wrocławski	c	0	0	0	-2.0
przekazać	c	0	0	0	1.7
gdynia	c	1	1	0	-1.0
oferta	c	1	1	0	-1.4
archaiczny	m	1	1	2	2.0
poprowadzić	c	1	0	0	-3.0
osadzić	c	0	-1	0	-2.0
dokładni	c	1	1	0	-1.0
sprzątać	c	1	1	0	-3.2
debata	c	0	0	0	-5.2
obcisły	m	1	-1	-1	-1.0
rozwiązania	c	1	1	0	-1.0
symetryczny	c	0	-1	0	-0.0
nagi	m	1	0	1	-0.1
strąk	c	1	0	2	-1.0
korzyść	c	1	1	1	-0.6
zadowolić	m	1	-1	-1	-0.7
rasa	c	0	-1	0	1.5
warunek	c	0	1	0	1.2
romantyczny	m	1	-1	-1	8.9
wypełnić	c	0	0	0	1.4
rewelacyjny	c	1	1	1	-2.0
słoneczny	m	0	1	0	0.7
biegunka	c	1	-1	-1	-5.5
zwichnąć	c	1	-1	-1	-1.0
skończyć	m	1	-1	0	0.5
jak	m	0	1	1	6.1
demokracja	c	1	1	1	1.4
nieuczciwy	c	0	1	1	-3.6
pulchny	m	1	1	1	-1.0
igloopol	c	1	1	0	-1.0
przegląd	c	0	0	1	1.2
zabezpieczyć	c	0	0	0	1.0
piękno	m	1	1	2	10.7
ludzko	m	1	1	1	-1.0
rozumny	m	1	1	0	1.5
dziewczynka	c	1	1	1	-1.9
sztuczny	m	1	1	0	-0.3
ludzki	m	1	1	-2	2.4
autor	c	0	-1	-1	6.0
urwać	c	0	1	-1	-6.0
wzbogacać	c	0	1	2	2.1
pięć	c	0	1	0	2.6
uchwytny	m	1	1	1	-2.6
wiktor	c	0	1	0	-3.8
wewnętrznie	m	1	1	1	-2.1
informacja	c	0	0	0	-0.7
partia	c	0	-1	0	-1.5
założyć	c	0	-1	0	1.7
sędzia	c	1	1	1	-7.6
pijany	c	1	-1	-2	-3.8
pieprzny	m	1	1	0	-1.0
oryginalnie	m	1	1	0	-1.0
finał	c	0	0	1	-1.3
czeski	m	1	1	1	-2.5
pryncypialny	m	1	-1	-2	-1.0
biec	m	1	1	0	-4.8
pomysł	c	0	0	0	5.3
bezgraniczny	m	1	1	1	-0.0
graf	c	1	1	0	-1.0
darmowy	c	1	1	0	0.5
tragiczny	m	0	0	0	-5.5
dziennik	c	1	1	0	0.1
kibic	c	1	1	2	-3.4
zabójczy	c	0	-1	-1	-1.6
prowokacja	c	1	-1	0	-0.2
malarz	c	0	0	0	-0.5
fotka	c	0	0	1	-0.0
agnieszka	c	1	1	0	-1.0
dumny	m	1	1	1	0.2
stuprocentowy	c	0	0	0	-1.0
doliczać	c	0	0	0	-1.0
niemiecki	m	1	1	2	0.0
refundować	c	0	0	0	-2.0
poznać	c	0	0	0	4.6
pojemnik	c	0	1	0	2.8
anegdotyczny	m	1	1	1	-1.0
wyraźnie	m	1	1	0	-2.9
operacja	c	0	1	0	-2.9
stuprocentowo	m	0	0	0	-1.0
zdrowie	c	0	1	0	4.0
nazywać	c	1	1	1	4.0
bezwiednie	m	1	-1	-1	-4.7
staniątki	c	1	1	0	-1.0
mowa	c	0	1	0	1.5
legia	c	0	0	0	-1.5
realistyczny	m	1	1	0	-0.2
zawodny	m	0	1	1	-2.0
fizycznie	m	0	0	0	-3.0
dziecinny	m	1	1	2	2.1
cholernie	m	0	-1	-1	-5.2
skrzywdzony	c	1	-1	-2	-4.6
artysta	c	1	0	0	8.5
wyrazisty	m	1	1	1	-3.3
zastygnąć	m	1	0	-1	-2.0
huta	c	0	0	0	-3.9
przywiązać	c	1	-1	0	-1.0
artystka	c	1	1	1	-1.6
zalękniony	m	1	-1	-2	-1.0
serwis	c	0	1	0	0.9
koncesja	c	0	-1	1	-2.6
przyziemny	m	0	0	-1	-1.0
zawodnik	c	0	0	2	-6.9
monochromatyczny	m	0	0	0	-1.0
całek	c	1	1	0	-1.0
nadmiar	c	0	1	-2	-1.1
klimatyczny	c	0	0	0	-0.0
reformowalny	m	1	1	1	-1.0
dziesięciokrotny	m	0	0	0	-1.0
symulator	c	1	1	0	-1.0
kamiennie	m	0	0	0	-1.0
rzemieślnik	c	1	1	-1	1.5
drut	c	1	1	0	-3.6
schab	c	0	0	0	-1.0
sentyment	c	1	-1	2	2.0
kotlet	c	1	-1	2	1.0
egzotyczny	m	1	1	-1	0.2
harmonia	c	1	1	0	2.0
sprzedażą	c	1	1	0	-1.0
popierdolić	m	1	-1	-2	-1.0
sperma	c	0	-1	0	-1.0
konkurencyjny	m	1	1	0	-1.8
jednoznacznie	m	0	0	0	-1.6
tłumić	c	1	-1	0	-6.0
nacechować	c	1	1	0	-1.0
grać	c	0	0	0	2.8
wyrazić	c	0	1	0	-0.2
przyszły	c	0	1	0	-1.7
wyprysk	c	0	-1	-1	-1.0
stworzenie	c	1	-1	-1	-0.6
igła	c	0	1	-1	-7.0
litość	c	1	1	0	-0.2
sara	c	1	1	0	-1.0
polka	c	0	0	0	-0.5
harmonijny	c	1	1	1	4.0
określać	c	0	0	0	-0.1
wyśmienity	c	0	0	0	-0.0
orzec	c	1	-1	0	-1.0
gaza	c	0	1	0	-2.0
willa	c	1	-1	-1	-0.0
cena	c	0	0	0	2.7
pieniądz	c	1	1	0	5.6
kłótliwy	m	1	-1	-1	-2.6
przesmażyć	c	0	1	0	-1.0
ciążowy	c	1	1	-1	-2.0
świetlisty	m	1	1	0	1.0
indianin	c	1	1	0	-1.0
duszność	c	1	-1	0	-4.9
wodzisław	c	1	1	0	-1.0
kadra	c	0	1	2	-6.0
rozpatrywać	c	0	0	0	-1.1
grań	c	1	1	0	-1.0
przedsięwzięcie	c	1	1	2	-1.6
różowy	m	0	0	0	1.1
spełnić	c	0	1	1	3.8
wykonywać	c	0	0	0	0.7
zespół	c	1	1	0	4.8
jednostajnie	m	1	-1	-2	-2.0
kość	c	1	1	0	-5.4
zwykle	c	0	0	0	0.5
podziemny	c	0	0	0	-0.8
pewny	m	1	1	0	8.7
różowo	m	0	0	1	-1.0
karmić	c	1	-1	0	0.3
ściśle	c	0	0	0	-1.2
dupa	c	1	-1	0	1.5
posłuszny	c	1	-1	-1	1.0
kuzyn	c	1	1	-1	0.5
świadomość	c	0	1	0	0.5
natychmiast	m	0	-1	0	-2.9
powiązać	c	0	0	0	-4.6
diametralnie	c	0	0	0	1.0
okazały	m	1	1	1	-1.0
kanciasty	m	1	1	-1	-2.0
przeważnie	c	0	-1	0	2.7
płock	c	1	1	0	-1.0
swobodnie	m	0	-1	-1	-2.4
partner	c	1	-1	2	-2.5
bezbronny	m	1	-1	-1	-4.2
opiąć	m	1	-1	-1	-1.0
facet	c	0	-1	-2	1.6
seksualny	m	0	1	0	-6.9
gotowy	m	0	1	1	6.6
oznaka	c	0	1	2	-6.2
odosobniony	c	1	0	0	-3.0
zaznaczyć	c	0	0	0	-1.5
przyznać	c	0	0	0	3.7
dokumentacja	c	0	1	1	0.3
tradycyjny	c	0	1	0	1.6
kontrofensywa	c	1	1	0	-1.0
dzielić	c	0	0	0	-0.0
piwo	c	0	1	0	0.8
boginia	c	0	-1	2	-1.0
polityczny	c	0	1	0	-1.2
towarzyski	m	1	1	1	0.8
astma	c	1	-1	-2	-5.0
konkurencja	c	1	1	0	-1.6
mieć	c	0	0	-2	4.3
trakt	c	0	0	1	-0.7
sumienie	c	1	-1	0	1.6
słoiczka	c	1	1	0	-1.0
skierować	c	1	-1	0	-1.9
świetlany	m	1	-1	1	-1.0
własnoręcznie	c	1	1	-1	-1.0
źródło	c	0	0	0	0.7
modlitwa	c	1	1	0	5.6
podobno	c	0	0	0	1.4
odgórnie	m	1	-1	0	-1.0
nieustanny	c	1	1	1	-2.6
troskliwie	m	1	1	1	-2.0
dzik	m	1	1	0	-1.0
mecz	c	1	1	0	-2.3
podobny	m	1	-1	0	5.2
swojski	m	1	1	2	2.3
zszokować	c	1	1	1	-1.0
poczuć	c	1	1	0	1.3
decybel	c	0	-1	1	-3.4
dołączyć	c	0	1	0	-3.3
poprzedni	c	0	0	0	0.1
kontakt	c	1	1	0	1.6
zapobiegliwy	m	0	0	0	-1.0
kolorystyka	c	0	0	0	1.4
dwoisty	m	1	-1	-1	-1.0
anonsy	c	1	1	0	-1.0
wypukło	c	1	-1	2	-1.0
okrągły	m	0	-1	0	0.8
linia	c	0	0	-1	3.4
niewielki	c	0	1	-1	-2.0
litania	c	1	1	0	-0.0
wypukły	m	0	1	-1	-2.0
syta	m	1	1	0	-1.0
obfity	m	0	1	0	-3.6
obszerny	m	0	0	0	2.0
interia	c	1	1	0	-1.0
łaskawca	c	1	1	-1	-1.0
inteligencja	c	1	1	0	-2.2
dylemat	c	1	1	1	-4.1
nieskończoność	c	1	0	0	-2.4
inaczej	m	1	1	-1	4.2
legalny	c	0	1	0	-3.0
zupełnie	m	0	-1	-1	6.4
owalny	m	0	1	2	-2.6
uczyć	c	1	1	0	3.0
cząstka	c	1	1	0	-3.0
szekspir	c	1	1	0	-1.0
postępowy	m	1	1	2	-1.0
wycieczka	c	1	1	0	3.6
marginalny	m	1	-1	-1	-1.0
góra	c	1	0	0	6.0
nieobecny	m	1	-1	0	-2.0
piasek	c	0	0	-1	0.8
piec	c	0	-1	0	2.6
zalecić	c	0	-1	-1	-3.0
profesjonalny	m	0	-1	0	1.0
historia	c	1	0	0	5.5
cecha	c	1	1	2	2.4
prognoza	c	1	1	1	-3.0
nadmorski	c	0	1	0	-0.0
grafika	c	1	1	2	1.0
pies	c	1	1	-2	3.6
wesoło	c	0	0	1	1.5
nieugięty	c	1	1	-1	-1.0
sprawa	c	0	0	0	1.4
tydzień	c	1	1	0	1.7
różnie	c	1	-1	0	-0.5
realizacja	c	0	0	0	0.7
sofa	c	0	-1	0	-2.6
dziesięciokrotnie	m	0	0	0	-1.0
dalba	c	1	1	2	-1.0
oschnąć	m	1	-1	0	-2.0
przełożony	c	1	-1	0	-6.0
zawikłać	m	1	-1	-2	-1.0
chronić	c	1	-1	0	-2.8
powołać	c	0	1	1	1.1
gniazdo	c	1	1	1	-0.5
kasa	c	1	-1	0	-0.1
podpisać	c	0	-1	0	-2.2
mądry	m	1	1	2	3.4
optymistycznie	m	1	-1	-1	-0.0
magnat	c	1	1	0	-1.0
spostrzegawczy	m	1	1	1	-1.0
niewypłacalny	c	0	0	0	-1.0
położyć	c	0	1	1	2.3
skręcić	c	1	1	1	-4.8
płacić	c	0	0	0	1.4
mobilny	m	1	1	-1	-1.0
zakazany	c	0	0	0	-1.0
kluczyk	c	0	-1	-1	-0.0
podejrzeć	c	1	1	0	-1.0
ślepo	c	1	-1	0	-2.6
peter	c	1	1	0	-1.0
wyemancypować	m	1	1	1	-1.0
wieczny	m	1	1	0	2.2
kolonia	c	1	0	-1	1.0
podzielić	c	0	0	0	1.2
umierać	c	1	-1	-1	-1.7
nieszczelny	c	0	1	0	-1.0
wyścig	c	1	0	0	-0.0
narcystyczny	m	1	-1	-2	-1.0
utrzymać	c	0	1	0	0.9
monotonny	m	0	-1	-1	-2.7
resztka	c	0	-1	0	-3.1
bardzo	m	0	-1	0	2.8
sponsorować	c	0	-1	0	-1.0
sygnał	c	1	1	0	-8.4
wyobrażalny	m	0	0	0	-1.0
ilustracja	c	0	0	0	2.1
piękny	m	1	1	-2	13.7
pejoratywny	c	1	0	0	-0.0
mokry	m	1	-1	-1	-2.9
regulamin	c	0	0	0	0.3
pakiet	c	0	-1	-1	-5.4
pobłażliwy	m	1	-1	-1	-2.0
bezczelnie	m	1	-1	-2	-1.0
popularny	m	1	0	0	1.8
stanowczy	m	0	1	0	-4.8
przepisowy	m	0	0	0	-1.0
spokój	c	1	1	1	0.7
zosia	c	1	1	0	-1.0
odessa	c	1	1	0	-1.0
etap	c	0	-1	0	-6.0
kupno	c	0	-1	0	-0.0
wyświetlać	c	0	0	0	-2.5
konkretny	m	0	1	0	1.5
teutoński	m	0	0	0	-1.0
śpiączka	c	0	0	0	-1.0
rozwiązły	m	1	-1	-2	-1.0
koleś	c	1	-1	0	-2.0
agencja	c	1	-1	0	-8.5
kręg	c	0	0	0	-0.9
przeprowadzić	c	0	1	0	-0.8
suknia	c	0	0	0	-2.1
podium	c	0	1	0	-0.0
placówka	c	0	1	0	-1.3
kręt	m	0	0	0	-1.0
wszędzie	m	1	0	-1	1.4
zadufany	m	1	-1	-1	-1.0
bezpiecznie	m	0	-1	1	1.8
dopasować	c	0	0	0	-1.6
drzazga	c	0	-1	-2	-3.9
przebudowa	c	0	1	1	-0.7
przenieść	c	0	0	0	1.5
uciec	c	1	1	0	-2.2
wszystko	m	1	0	2	6.9
różnić	m	1	0	0	2.3
dzielnica	c	1	1	0	0.5
zadziwiać	m	1	1	-1	-0.0
nawiedzony	c	1	1	0	1.0
sadystyczny	m	1	-1	-2	-2.0
kiepsko	m	1	-1	-1	-4.2
odczuwalny	m	1	1	0	-2.6
silnia	m	0	1	0	-0.0
gazeta	c	0	0	0	-2.0
ciekły	c	0	0	0	-1.0
prywatyzacja	c	1	1	1	-6.0
rodzina	c	0	0	0	3.3
oczytany	m	1	1	1	-0.0
jakikolwiek	c	0	1	0	0.1
pewnie	m	0	1	0	5.5
koleżeński	m	1	1	1	-1.6
kołacz	c	0	-1	-1	-1.0
adres	c	0	-1	0	1.6
kapusta	c	1	1	0	-0.0
szafirowy	m	0	0	0	-1.0
policjant	c	1	-1	0	-4.4
przedłużyć	c	1	1	0	-5.0
niewinny	m	1	-1	-1	2.4
rozpoznawać	c	0	1	0	-1.4
wybrać	c	0	-1	0	5.6
niesamowity	m	1	1	2	6.8
legenda	c	1	-1	0	3.2
kazuistyczny	m	1	-1	-1	-1.0
organizować	c	0	0	0	4.9
wyjątki	c	1	1	0	-1.0
dumpingowy	m	1	1	-1	-1.0
ślep	m	0	-1	-1	1.0
luźny	m	1	-1	-1	-3.6
astry	c	1	1	0	-1.0
pytanie	c	1	1	0	0.3
konwencjonalny	m	1	1	-1	1.5
wegetarianin	c	1	1	2	-0.0
prawidłowy	c	0	-1	1	-5.4
przestawić	c	1	0	1	-2.0
urodziny	c	1	-1	-1	9.3
usprawiedliwić	c	1	0	1	-0.5
pojęcie	c	1	0	0	3.7
zrealizować	c	0	0	0	3.3
ręczny	c	1	1	0	-2.0
napis	c	1	1	-1	3.7
karta	c	0	0	0	-3.0
zakaz	c	0	1	0	-2.8
nadać	c	1	1	0	2.1
poprzeć	c	0	0	1	-0.8
formalistyczny	m	1	-1	-1	-1.0
zabarwić	c	1	-1	0	-1.0
transportowy	c	0	1	0	-1.0
jajeczny	c	0	0	0	-1.0
invest	c	1	1	0	-1.0
odrobić	c	1	1	2	-3.0
problem	c	0	1	0	-0.7
słynny	c	1	1	1	2.3
niemiec	c	0	1	0	-1.5
cukierkowaty	m	1	-1	-2	-1.0
powtarzać	c	1	1	0	-1.7
roszczenie	c	0	-1	1	-3.0
wystawić	c	1	1	0	-1.3
głęboko	m	1	1	1	-0.3
bezzapachowy	m	0	0	0	-1.0
masywny	m	1	1	0	-1.0
oszustwo	c	1	-1	-1	-1.6
ryzyko	c	0	0	0	-3.0
pozytywny	m	1	1	0	0.7
uwiecznić	c	0	0	0	-0.0
inteligentny	m	1	1	1	1.2
srebro	c	0	-1	-1	-3.6
ćwiczenie	c	1	0	0	-4.9
znaleźć	c	0	0	0	6.4
ideał	c	0	-1	1	5.9
rekompensata	c	0	0	0	-0.0
artykuł	c	0	0	0	-0.8
jaglany	c	1	-1	0	-1.0
monopolista	c	0	1	0	-1.0
medialny	m	1	-1	0	-5.2
egoistyczny	m	1	-1	-1	-4.2
równać	m	0	0	0	-3.0
końcówka	c	0	0	0	-5.9
drażliwy	m	1	1	1	-6.0
nadjeżdżać	c	1	-1	-1	-2.6
zwykły	c	1	1	0	-0.1
mężatka	c	0	1	0	-2.0
star	m	0	-1	0	-1.0
szczawnica	c	1	1	0	-1.0
ponętny	m	1	1	1	-0.0
sypialnia	c	0	1	-2	-2.6
sobota	c	1	-1	2	0.5
stylista	c	1	1	-1	-1.0
stan	c	0	0	0	-0.4
niepogoda	c	0	1	1	-1.0
stal	m	0	0	0	-4.6
chmielić	m	0	0	0	-1.0
przesiąknąć	m	1	1	-1	-2.0
pochwała	c	0	0	0	-0.5
zamachowiec	c	1	-1	0	-2.6
szpak	c	1	1	1	-0.0
kolec	c	0	-1	0	-4.5
poręczyć	c	1	-1	0	-1.0
automatyczny	m	0	0	0	-2.0
klasa	c	0	0	0	3.3
krzywy	c	0	1	0	-1.0
użyć	c	1	0	0	-1.8
drugi	m	0	0	-2	6.4
podatny	m	1	1	1	-4.4
osamotnić	c	1	-1	-1	-2.0
prosić	c	0	0	0	5.2
oskarżyciel	c	1	1	0	-2.0
spalać	c	0	-1	1	1.1
przyzwoity	c	0	1	0	-1.0
niebezpieczeństwo	c	1	-1	-1	-3.0
wezwać	c	1	1	0	-4.9
